Competitor,Date,Adj Close
BP,1/2/2015,30.66
Shell,1/2/2015,53.71
BP,1/5/2015,29.04
Shell,1/5/2015,51.16
BP,1/6/2015,28.82
Shell,1/6/2015,50.54
BP,1/7/2015,28.89
Shell,1/7/2015,51.12
BP,1/8/2015,29.55
Shell,1/8/2015,52.16
BP,1/9/2015,29.42
Shell,1/9/2015,51.50
BP,1/12/2015,29.00
Shell,1/12/2015,50.46
BP,1/13/2015,28.93
Shell,1/13/2015,50.50
BP,1/14/2015,28.69
Shell,1/14/2015,49.95
BP,1/15/2015,28.74
Shell,1/15/2015,50.13
BP,1/16/2015,30.45
Shell,1/16/2015,51.64
BP,1/20/2015,30.32
Shell,1/20/2015,51.80
BP,1/21/2015,31.23
Shell,1/21/2015,52.62
BP,1/22/2015,31.36
Shell,1/22/2015,52.81
BP,1/23/2015,31.29
Shell,1/23/2015,52.28
BP,1/26/2015,32.11
Shell,1/26/2015,53.29
BP,1/27/2015,32.34
Shell,1/27/2015,53.48
BP,1/28/2015,31.27
Shell,1/28/2015,51.41
BP,1/29/2015,31.17
Shell,1/29/2015,49.97
BP,1/30/2015,31.23
Shell,1/30/2015,49.28
BP,2/2/2015,32.06
Shell,2/2/2015,50.47
BP,2/3/2015,33.06
Shell,2/3/2015,53.73
BP,2/4/2015,32.54
Shell,2/4/2015,52.46
BP,2/5/2015,33.29
Shell,2/5/2015,53.58
BP,2/6/2015,33.12
Shell,2/6/2015,53.12
BP,2/9/2015,33.47
Shell,2/9/2015,53.50
BP,2/10/2015,33.18
Shell,2/10/2015,52.99
BP,2/11/2015,32.94
Shell,2/11/2015,52.60
BP,2/12/2015,33.74
Shell,2/12/2015,53.16
BP,2/13/2015,34.23
Shell,2/13/2015,53.95
BP,2/17/2015,34.10
Shell,2/17/2015,54.02
BP,2/18/2015,34.08
Shell,2/18/2015,54.13
BP,2/19/2015,33.62
Shell,2/19/2015,52.94
BP,2/20/2015,33.70
Shell,2/20/2015,53.53
BP,2/23/2015,33.65
Shell,2/23/2015,53.01
BP,2/24/2015,33.95
Shell,2/24/2015,53.60
BP,2/25/2015,34.21
Shell,2/25/2015,53.66
BP,2/26/2015,33.76
Shell,2/26/2015,52.73
BP,2/27/2015,33.83
Shell,2/27/2015,53.18
BP,3/2/2015,33.71
Shell,3/2/2015,52.31
BP,3/3/2015,34.07
Shell,3/3/2015,51.49
BP,3/4/2015,33.90
Shell,3/4/2015,51.18
BP,3/5/2015,33.61
Shell,3/5/2015,50.71
BP,3/6/2015,32.94
Shell,3/6/2015,49.65
BP,3/9/2015,32.88
Shell,3/9/2015,49.74
BP,3/10/2015,31.87
Shell,3/10/2015,47.78
BP,3/11/2015,31.21
Shell,3/11/2015,47.26
BP,3/12/2015,31.15
Petróleo Brasileiro S.A. - Petrobras,3/12/2015,34.00
Shell,3/12/2015,47.72
BP,3/13/2015,30.69
Petróleo Brasileiro S.A. - Petrobras,3/13/2015,null
Shell,3/13/2015,46.58
BP,3/16/2015,30.65
Petróleo Brasileiro S.A. - Petrobras,3/16/2015,null
Shell,3/16/2015,46.99
BP,3/17/2015,30.87
Petróleo Brasileiro S.A. - Petrobras,3/17/2015,31.50
Shell,3/17/2015,47.53
BP,3/18/2015,32.12
Petróleo Brasileiro S.A. - Petrobras,3/18/2015,null
Shell,3/18/2015,49.41
BP,3/19/2015,31.81
Petróleo Brasileiro S.A. - Petrobras,3/19/2015,null
Shell,3/19/2015,48.97
BP,3/20/2015,32.73
Petróleo Brasileiro S.A. - Petrobras,3/20/2015,null
Shell,3/20/2015,50.05
BP,3/23/2015,32.77
Shell,3/23/2015,50.89
BP,3/24/2015,32.25
Shell,3/24/2015,50.17
BP,3/25/2015,32.66
Petróleo Brasileiro S.A. - Petrobras,3/25/2015,null
Shell,3/25/2015,50.79
BP,3/26/2015,32.50
Petróleo Brasileiro S.A. - Petrobras,3/26/2015,null
Shell,3/26/2015,49.92
BP,3/27/2015,32.33
Petróleo Brasileiro S.A. - Petrobras,3/27/2015,null
Shell,3/27/2015,49.20
BP,3/30/2015,32.52
Petróleo Brasileiro S.A. - Petrobras,3/30/2015,null
Shell,3/30/2015,49.57
BP,3/31/2015,31.92
Petróleo Brasileiro S.A. - Petrobras,3/31/2015,null
Shell,3/31/2015,48.52
BP,4/1/2015,32.24
Petróleo Brasileiro S.A. - Petrobras,4/1/2015,null
Shell,4/1/2015,48.96
BP,4/2/2015,32.37
Shell,4/2/2015,49.08
BP,4/6/2015,32.76
Petróleo Brasileiro S.A. - Petrobras,4/6/2015,null
Shell,4/6/2015,50.03
BP,4/7/2015,32.85
Petróleo Brasileiro S.A. - Petrobras,4/7/2015,null
Shell,4/7/2015,50.40
BP,4/8/2015,33.28
Petróleo Brasileiro S.A. - Petrobras,4/8/2015,null
Shell,4/8/2015,48.67
BP,4/9/2015,33.75
Petróleo Brasileiro S.A. - Petrobras,4/9/2015,null
Shell,4/9/2015,48.32
BP,4/10/2015,33.91
Petróleo Brasileiro S.A. - Petrobras,4/10/2015,null
Shell,4/10/2015,48.59
BP,4/13/2015,33.65
Petróleo Brasileiro S.A. - Petrobras,4/13/2015,null
Shell,4/13/2015,48.65
BP,4/14/2015,34.12
Petróleo Brasileiro S.A. - Petrobras,4/14/2015,48.95
Shell,4/14/2015,49.18
BP,4/15/2015,34.63
Petróleo Brasileiro S.A. - Petrobras,4/15/2015,null
Shell,4/15/2015,50.57
BP,4/16/2015,34.73
Petróleo Brasileiro S.A. - Petrobras,4/16/2015,null
Shell,4/16/2015,51.46
BP,4/17/2015,35.01
Petróleo Brasileiro S.A. - Petrobras,4/17/2015,null
Shell,4/17/2015,51.04
BP,4/20/2015,34.95
Petróleo Brasileiro S.A. - Petrobras,4/20/2015,null
Shell,4/20/2015,51.13
BP,4/21/2015,34.92
Petróleo Brasileiro S.A. - Petrobras,4/21/2015,49.50
Shell,4/21/2015,50.78
BP,4/22/2015,35.30
Petróleo Brasileiro S.A. - Petrobras,4/22/2015,null
Shell,4/22/2015,50.73
BP,4/23/2015,35.59
Petróleo Brasileiro S.A. - Petrobras,4/23/2015,null
Shell,4/23/2015,51.22
BP,4/24/2015,35.48
Petróleo Brasileiro S.A. - Petrobras,4/24/2015,null
Shell,4/24/2015,51.05
BP,4/27/2015,35.13
Petróleo Brasileiro S.A. - Petrobras,4/27/2015,null
Shell,4/27/2015,51.32
BP,4/28/2015,35.49
Petróleo Brasileiro S.A. - Petrobras,4/28/2015,null
Shell,4/28/2015,51.56
BP,4/29/2015,35.58
Petróleo Brasileiro S.A. - Petrobras,4/29/2015,52.00
Shell,4/29/2015,51.66
BP,4/30/2015,35.23
Petróleo Brasileiro S.A. - Petrobras,4/30/2015,52.00
Shell,4/30/2015,51.60
BP,5/1/2015,35.29
Shell,5/1/2015,51.69
BP,5/4/2015,35.43
Petróleo Brasileiro S.A. - Petrobras,5/4/2015,52.00
Shell,5/4/2015,51.87
BP,5/5/2015,35.18
Petróleo Brasileiro S.A. - Petrobras,5/5/2015,52.00
Shell,5/5/2015,51.71
BP,5/6/2015,35.18
Petróleo Brasileiro S.A. - Petrobras,5/6/2015,53.00
Shell,5/6/2015,51.64
BP,5/7/2015,34.63
Petróleo Brasileiro S.A. - Petrobras,5/7/2015,53.00
Shell,5/7/2015,50.53
BP,5/8/2015,35.36
Petróleo Brasileiro S.A. - Petrobras,5/8/2015,53.00
Shell,5/8/2015,52.26
BP,5/11/2015,35.25
Petróleo Brasileiro S.A. - Petrobras,5/11/2015,53.00
Shell,5/11/2015,52.27
BP,5/12/2015,35.34
Petróleo Brasileiro S.A. - Petrobras,5/12/2015,53.00
Shell,5/12/2015,51.77
BP,5/13/2015,35.40
Petróleo Brasileiro S.A. - Petrobras,5/13/2015,53.00
Shell,5/13/2015,52.27
BP,5/14/2015,35.56
Petróleo Brasileiro S.A. - Petrobras,5/14/2015,53.00
Shell,5/14/2015,52.48
BP,5/15/2015,35.44
Petróleo Brasileiro S.A. - Petrobras,5/15/2015,53.00
Shell,5/15/2015,52.21
BP,5/18/2015,35.09
Petróleo Brasileiro S.A. - Petrobras,5/18/2015,53.00
Shell,5/18/2015,51.32
BP,5/19/2015,34.63
Petróleo Brasileiro S.A. - Petrobras,5/19/2015,53.00
Shell,5/19/2015,50.57
BP,5/20/2015,34.83
Petróleo Brasileiro S.A. - Petrobras,5/20/2015,54.30
Shell,5/20/2015,50.70
BP,5/21/2015,35.51
Petróleo Brasileiro S.A. - Petrobras,5/21/2015,54.30
Shell,5/21/2015,51.44
BP,5/22/2015,35.18
Petróleo Brasileiro S.A. - Petrobras,5/22/2015,55.55
Shell,5/22/2015,50.53
BP,5/26/2015,34.46
Petróleo Brasileiro S.A. - Petrobras,5/26/2015,55.55
Shell,5/26/2015,49.28
BP,5/27/2015,34.59
Petróleo Brasileiro S.A. - Petrobras,5/27/2015,55.55
Shell,5/27/2015,49.64
BP,5/28/2015,34.39
Petróleo Brasileiro S.A. - Petrobras,5/28/2015,55.55
Shell,5/28/2015,49.64
BP,5/29/2015,34.32
Petróleo Brasileiro S.A. - Petrobras,5/29/2015,55.55
Shell,5/29/2015,49.31
BP,6/1/2015,33.90
Petróleo Brasileiro S.A. - Petrobras,6/1/2015,55.55
Shell,6/1/2015,48.64
BP,6/2/2015,34.35
Petróleo Brasileiro S.A. - Petrobras,6/2/2015,55.55
Shell,6/2/2015,49.23
BP,6/3/2015,34.13
Petróleo Brasileiro S.A. - Petrobras,6/3/2015,55.55
Shell,6/3/2015,49.16
BP,6/4/2015,33.62
Petróleo Brasileiro S.A. - Petrobras,6/4/2015,55.55
Shell,6/4/2015,48.34
BP,6/5/2015,33.58
Petróleo Brasileiro S.A. - Petrobras,6/5/2015,55.55
Shell,6/5/2015,48.17
BP,6/8/2015,33.55
Petróleo Brasileiro S.A. - Petrobras,6/8/2015,55.55
Shell,6/8/2015,48.15
BP,6/9/2015,33.57
Petróleo Brasileiro S.A. - Petrobras,6/9/2015,55.55
Shell,6/9/2015,47.83
BP,6/10/2015,34.17
Petróleo Brasileiro S.A. - Petrobras,6/10/2015,55.55
Shell,6/10/2015,48.82
BP,6/11/2015,34.29
Petróleo Brasileiro S.A. - Petrobras,6/11/2015,52.90
Shell,6/11/2015,48.79
BP,6/12/2015,33.77
Petróleo Brasileiro S.A. - Petrobras,6/12/2015,52.90
Shell,6/12/2015,47.91
BP,6/15/2015,33.87
Petróleo Brasileiro S.A. - Petrobras,6/15/2015,52.90
Shell,6/15/2015,47.89
BP,6/16/2015,33.87
Petróleo Brasileiro S.A. - Petrobras,6/16/2015,52.90
Shell,6/16/2015,48.13
BP,6/17/2015,34.11
Petróleo Brasileiro S.A. - Petrobras,6/17/2015,52.90
Shell,6/17/2015,48.15
BP,6/18/2015,34.15
Petróleo Brasileiro S.A. - Petrobras,6/18/2015,52.90
Shell,6/18/2015,48.43
BP,6/19/2015,34.06
Petróleo Brasileiro S.A. - Petrobras,6/19/2015,52.90
Shell,6/19/2015,48.34
BP,6/22/2015,34.37
Petróleo Brasileiro S.A. - Petrobras,6/22/2015,52.90
Shell,6/22/2015,48.81
BP,6/23/2015,34.39
Petróleo Brasileiro S.A. - Petrobras,6/23/2015,52.90
Shell,6/23/2015,48.72
BP,6/24/2015,34.63
Petróleo Brasileiro S.A. - Petrobras,6/24/2015,52.90
Shell,6/24/2015,49.15
BP,6/25/2015,34.68
Petróleo Brasileiro S.A. - Petrobras,6/25/2015,52.90
Shell,6/25/2015,48.90
BP,6/26/2015,34.23
Petróleo Brasileiro S.A. - Petrobras,6/26/2015,52.90
Shell,6/26/2015,48.89
BP,6/29/2015,33.37
Petróleo Brasileiro S.A. - Petrobras,6/29/2015,52.90
Shell,6/29/2015,47.67
BP,6/30/2015,33.08
Petróleo Brasileiro S.A. - Petrobras,6/30/2015,52.90
Shell,6/30/2015,47.07
BP,7/1/2015,32.51
Petróleo Brasileiro S.A. - Petrobras,7/1/2015,52.90
Shell,7/1/2015,46.48
BP,7/2/2015,34.18
Petróleo Brasileiro S.A. - Petrobras,7/2/2015,52.90
Shell,7/2/2015,47.01
Petróleo Brasileiro S.A. - Petrobras,7/3/2015,52.90
BP,7/6/2015,33.04
Petróleo Brasileiro S.A. - Petrobras,7/6/2015,52.90
Shell,7/6/2015,46.23
BP,7/7/2015,32.87
Petróleo Brasileiro S.A. - Petrobras,7/7/2015,52.90
Shell,7/7/2015,46.10
BP,7/8/2015,32.41
Petróleo Brasileiro S.A. - Petrobras,7/8/2015,52.90
Shell,7/8/2015,45.52
BP,7/9/2015,32.39
Shell,7/9/2015,45.76
BP,7/10/2015,33.03
Petróleo Brasileiro S.A. - Petrobras,7/10/2015,51.00
Shell,7/10/2015,46.93
BP,7/13/2015,33.08
Petróleo Brasileiro S.A. - Petrobras,7/13/2015,51.00
Shell,7/13/2015,46.89
BP,7/14/2015,33.38
Petróleo Brasileiro S.A. - Petrobras,7/14/2015,51.00
Shell,7/14/2015,47.59
BP,7/15/2015,33.14
Petróleo Brasileiro S.A. - Petrobras,7/15/2015,51.00
Shell,7/15/2015,47.04
BP,7/16/2015,32.73
Petróleo Brasileiro S.A. - Petrobras,7/16/2015,51.00
Shell,7/16/2015,47.15
BP,7/17/2015,32.38
Petróleo Brasileiro S.A. - Petrobras,7/17/2015,51.00
Shell,7/17/2015,47.08
BP,7/20/2015,32.08
Petróleo Brasileiro S.A. - Petrobras,7/20/2015,51.00
Shell,7/20/2015,46.80
BP,7/21/2015,32.06
Petróleo Brasileiro S.A. - Petrobras,7/21/2015,51.00
Shell,7/21/2015,47.09
BP,7/22/2015,31.38
Petróleo Brasileiro S.A. - Petrobras,7/22/2015,51.00
Shell,7/22/2015,46.37
BP,7/23/2015,30.88
Petróleo Brasileiro S.A. - Petrobras,7/23/2015,51.00
Shell,7/23/2015,46.09
BP,7/24/2015,30.27
Petróleo Brasileiro S.A. - Petrobras,7/24/2015,51.00
Shell,7/24/2015,44.90
BP,7/27/2015,29.84
Petróleo Brasileiro S.A. - Petrobras,7/27/2015,51.00
Shell,7/27/2015,44.50
BP,7/28/2015,30.87
Petróleo Brasileiro S.A. - Petrobras,7/28/2015,51.00
Shell,7/28/2015,45.28
BP,7/29/2015,30.95
Petróleo Brasileiro S.A. - Petrobras,7/29/2015,48.00
Shell,7/29/2015,45.74
BP,7/30/2015,31.19
Petróleo Brasileiro S.A. - Petrobras,7/30/2015,48.00
Shell,7/30/2015,47.37
BP,7/31/2015,30.60
Petróleo Brasileiro S.A. - Petrobras,7/31/2015,48.00
Shell,7/31/2015,47.46
BP,8/3/2015,30.20
Petróleo Brasileiro S.A. - Petrobras,8/3/2015,48.00
Shell,8/3/2015,47.23
BP,8/4/2015,30.25
Petróleo Brasileiro S.A. - Petrobras,8/4/2015,48.00
Shell,8/4/2015,47.15
BP,8/5/2015,30.19
Petróleo Brasileiro S.A. - Petrobras,8/5/2015,48.00
Shell,8/5/2015,47.65
BP,8/6/2015,30.20
Petróleo Brasileiro S.A. - Petrobras,8/6/2015,48.00
Shell,8/6/2015,48.38
BP,8/7/2015,30.03
Petróleo Brasileiro S.A. - Petrobras,8/7/2015,48.00
Shell,8/7/2015,48.02
BP,8/10/2015,30.53
Petróleo Brasileiro S.A. - Petrobras,8/10/2015,48.00
Shell,8/10/2015,48.62
BP,8/11/2015,30.34
Petróleo Brasileiro S.A. - Petrobras,8/11/2015,48.00
Shell,8/11/2015,48.79
BP,8/12/2015,30.67
Petróleo Brasileiro S.A. - Petrobras,8/12/2015,48.00
Shell,8/12/2015,49.15
BP,8/13/2015,30.23
Petróleo Brasileiro S.A. - Petrobras,8/13/2015,48.00
Shell,8/13/2015,47.77
BP,8/14/2015,30.10
Petróleo Brasileiro S.A. - Petrobras,8/14/2015,48.00
Shell,8/14/2015,47.36
BP,8/17/2015,29.90
Shell,8/17/2015,47.07
BP,8/18/2015,29.67
Petróleo Brasileiro S.A. - Petrobras,8/18/2015,48.00
Shell,8/18/2015,46.77
BP,8/19/2015,29.17
Petróleo Brasileiro S.A. - Petrobras,8/19/2015,48.00
Shell,8/19/2015,45.79
BP,8/20/2015,28.93
Petróleo Brasileiro S.A. - Petrobras,8/20/2015,48.00
Shell,8/20/2015,45.47
BP,8/21/2015,27.92
Petróleo Brasileiro S.A. - Petrobras,8/21/2015,48.00
Shell,8/21/2015,44.00
BP,8/24/2015,26.25
Petróleo Brasileiro S.A. - Petrobras,8/24/2015,48.00
Shell,8/24/2015,41.72
BP,8/25/2015,25.85
Petróleo Brasileiro S.A. - Petrobras,8/25/2015,48.00
Shell,8/25/2015,41.65
BP,8/26/2015,26.17
Petróleo Brasileiro S.A. - Petrobras,8/26/2015,48.00
Shell,8/26/2015,41.52
BP,8/27/2015,27.80
Petróleo Brasileiro S.A. - Petrobras,8/27/2015,48.00
Shell,8/27/2015,43.58
BP,8/28/2015,27.99
Petróleo Brasileiro S.A. - Petrobras,8/28/2015,48.00
Shell,8/28/2015,44.13
BP,8/31/2015,28.23
Petróleo Brasileiro S.A. - Petrobras,8/31/2015,48.00
Shell,8/31/2015,44.40
BP,9/1/2015,27.05
Petróleo Brasileiro S.A. - Petrobras,9/1/2015,48.00
Shell,9/1/2015,42.40
BP,9/2/2015,27.10
Petróleo Brasileiro S.A. - Petrobras,9/2/2015,48.00
Shell,9/2/2015,42.77
BP,9/3/2015,27.28
Petróleo Brasileiro S.A. - Petrobras,9/3/2015,48.00
Shell,9/3/2015,42.62
BP,9/4/2015,25.84
Petróleo Brasileiro S.A. - Petrobras,9/4/2015,48.00
Shell,9/4/2015,41.54
Petróleo Brasileiro S.A. - Petrobras,9/7/2015,48.00
BP,9/8/2015,26.44
Petróleo Brasileiro S.A. - Petrobras,9/8/2015,48.00
Shell,9/8/2015,42.63
BP,9/9/2015,26.01
Petróleo Brasileiro S.A. - Petrobras,9/9/2015,48.00
Shell,9/9/2015,42.07
BP,9/10/2015,26.27
Petróleo Brasileiro S.A. - Petrobras,9/10/2015,48.00
Shell,9/10/2015,42.43
BP,9/11/2015,26.10
Petróleo Brasileiro S.A. - Petrobras,9/11/2015,48.00
Shell,9/11/2015,42.18
BP,9/14/2015,25.82
Petróleo Brasileiro S.A. - Petrobras,9/14/2015,48.00
Shell,9/14/2015,41.88
BP,9/15/2015,26.18
Petróleo Brasileiro S.A. - Petrobras,9/15/2015,48.00
Shell,9/15/2015,42.19
BP,9/16/2015,27.04
Petróleo Brasileiro S.A. - Petrobras,9/16/2015,48.00
Shell,9/16/2015,43.38
BP,9/17/2015,27.02
Petróleo Brasileiro S.A. - Petrobras,9/17/2015,48.00
Shell,9/17/2015,43.23
BP,9/18/2015,26.17
Petróleo Brasileiro S.A. - Petrobras,9/18/2015,48.00
Shell,9/18/2015,41.55
BP,9/21/2015,26.14
Petróleo Brasileiro S.A. - Petrobras,9/21/2015,48.00
Shell,9/21/2015,41.46
BP,9/22/2015,25.58
Petróleo Brasileiro S.A. - Petrobras,9/22/2015,48.00
Shell,9/22/2015,40.09
BP,9/23/2015,25.18
Petróleo Brasileiro S.A. - Petrobras,9/23/2015,48.00
Shell,9/23/2015,39.72
BP,9/24/2015,25.38
Petróleo Brasileiro S.A. - Petrobras,9/24/2015,48.00
Shell,9/24/2015,39.42
BP,9/25/2015,25.61
Petróleo Brasileiro S.A. - Petrobras,9/25/2015,48.00
Shell,9/25/2015,39.69
BP,9/28/2015,24.73
Petróleo Brasileiro S.A. - Petrobras,9/28/2015,48.00
Shell,9/28/2015,38.49
BP,9/29/2015,24.94
Petróleo Brasileiro S.A. - Petrobras,9/29/2015,48.00
Shell,9/29/2015,39.06
BP,9/30/2015,25.72
Petróleo Brasileiro S.A. - Petrobras,9/30/2015,48.00
Shell,9/30/2015,39.76
BP,10/1/2015,26.06
Petróleo Brasileiro S.A. - Petrobras,10/1/2015,48.00
Shell,10/1/2015,40.42
BP,10/2/2015,27.37
Petróleo Brasileiro S.A. - Petrobras,10/2/2015,48.00
Shell,10/2/2015,41.81
BP,10/5/2015,28.19
Petróleo Brasileiro S.A. - Petrobras,10/5/2015,48.00
Shell,10/5/2015,43.34
BP,10/6/2015,28.88
Petróleo Brasileiro S.A. - Petrobras,10/6/2015,48.00
Shell,10/6/2015,44.86
BP,10/7/2015,30.05
Petróleo Brasileiro S.A. - Petrobras,10/7/2015,48.00
Shell,10/7/2015,46.12
BP,10/8/2015,30.26
Petróleo Brasileiro S.A. - Petrobras,10/8/2015,48.00
Shell,10/8/2015,46.88
BP,10/9/2015,30.26
Petróleo Brasileiro S.A. - Petrobras,10/9/2015,48.00
Shell,10/9/2015,46.37
BP,10/12/2015,29.77
Shell,10/12/2015,46.21
BP,10/13/2015,29.23
Petróleo Brasileiro S.A. - Petrobras,10/13/2015,48.00
Shell,10/13/2015,45.42
BP,10/14/2015,29.73
Petróleo Brasileiro S.A. - Petrobras,10/14/2015,48.00
Shell,10/14/2015,46.40
BP,10/15/2015,30.03
Petróleo Brasileiro S.A. - Petrobras,10/15/2015,48.00
Shell,10/15/2015,46.93
BP,10/16/2015,30.18
Petróleo Brasileiro S.A. - Petrobras,10/16/2015,48.00
Shell,10/16/2015,47.28
BP,10/19/2015,29.41
Petróleo Brasileiro S.A. - Petrobras,10/19/2015,48.00
Shell,10/19/2015,46.00
BP,10/20/2015,29.43
Petróleo Brasileiro S.A. - Petrobras,10/20/2015,48.00
Shell,10/20/2015,46.05
BP,10/21/2015,29.57
Petróleo Brasileiro S.A. - Petrobras,10/21/2015,48.00
Shell,10/21/2015,46.21
BP,10/22/2015,30.23
Petróleo Brasileiro S.A. - Petrobras,10/22/2015,48.00
Shell,10/22/2015,46.47
BP,10/23/2015,30.06
Petróleo Brasileiro S.A. - Petrobras,10/23/2015,48.00
Shell,10/23/2015,45.64
BP,10/26/2015,29.50
Petróleo Brasileiro S.A. - Petrobras,10/26/2015,48.00
Shell,10/26/2015,44.79
BP,10/27/2015,29.30
Petróleo Brasileiro S.A. - Petrobras,10/27/2015,48.00
Shell,10/27/2015,44.02
BP,10/28/2015,30.08
Petróleo Brasileiro S.A. - Petrobras,10/28/2015,48.00
Shell,10/28/2015,44.49
BP,10/29/2015,30.05
Petróleo Brasileiro S.A. - Petrobras,10/29/2015,48.00
Shell,10/29/2015,44.10
BP,10/30/2015,30.05
Petróleo Brasileiro S.A. - Petrobras,10/30/2015,48.00
Shell,10/30/2015,44.02
BP,11/2/2015,30.53
Petróleo Brasileiro S.A. - Petrobras,11/2/2015,48.00
Shell,11/2/2015,45.04
BP,11/3/2015,31.33
Petróleo Brasileiro S.A. - Petrobras,11/3/2015,48.00
Shell,11/3/2015,45.95
BP,11/4/2015,31.10
Petróleo Brasileiro S.A. - Petrobras,11/4/2015,48.00
Shell,11/4/2015,45.66
BP,11/5/2015,30.41
Petróleo Brasileiro S.A. - Petrobras,11/5/2015,48.00
Shell,11/5/2015,44.23
BP,11/6/2015,30.05
Shell,11/6/2015,43.74
BP,11/9/2015,29.84
Petróleo Brasileiro S.A. - Petrobras,11/9/2015,48.00
Shell,11/9/2015,43.56
BP,11/10/2015,29.74
Petróleo Brasileiro S.A. - Petrobras,11/10/2015,48.00
Shell,11/10/2015,43.19
BP,11/11/2015,29.42
Petróleo Brasileiro S.A. - Petrobras,11/11/2015,48.00
Shell,11/11/2015,42.41
BP,11/12/2015,28.66
Petróleo Brasileiro S.A. - Petrobras,11/12/2015,48.00
Shell,11/12/2015,41.56
BP,11/13/2015,28.55
Petróleo Brasileiro S.A. - Petrobras,11/13/2015,48.00
Shell,11/13/2015,41.31
BP,11/16/2015,29.49
Petróleo Brasileiro S.A. - Petrobras,11/16/2015,48.00
Shell,11/16/2015,42.37
BP,11/17/2015,29.24
Petróleo Brasileiro S.A. - Petrobras,11/17/2015,48.00
Shell,11/17/2015,42.10
BP,11/18/2015,30.02
Petróleo Brasileiro S.A. - Petrobras,11/18/2015,48.00
Shell,11/18/2015,43.20
BP,11/19/2015,30.15
Petróleo Brasileiro S.A. - Petrobras,11/19/2015,48.00
Shell,11/19/2015,43.62
BP,11/20/2015,29.45
Petróleo Brasileiro S.A. - Petrobras,11/20/2015,48.00
Shell,11/20/2015,42.45
BP,11/23/2015,29.44
Shell,11/23/2015,42.07
BP,11/24/2015,29.93
Petróleo Brasileiro S.A. - Petrobras,11/24/2015,48.00
Shell,11/24/2015,42.82
BP,11/25/2015,29.93
Petróleo Brasileiro S.A. - Petrobras,11/25/2015,48.00
Shell,11/25/2015,42.66
Petróleo Brasileiro S.A. - Petrobras,11/26/2015,48.00
BP,11/27/2015,29.79
Petróleo Brasileiro S.A. - Petrobras,11/27/2015,48.00
Shell,11/27/2015,42.78
BP,11/30/2015,29.60
Petróleo Brasileiro S.A. - Petrobras,11/30/2015,48.00
Shell,11/30/2015,42.52
BP,12/1/2015,29.74
Petróleo Brasileiro S.A. - Petrobras,12/1/2015,48.00
Shell,12/1/2015,42.81
BP,12/2/2015,28.93
Petróleo Brasileiro S.A. - Petrobras,12/2/2015,48.00
Shell,12/2/2015,42.38
BP,12/3/2015,28.45
Petróleo Brasileiro S.A. - Petrobras,12/3/2015,48.00
Shell,12/3/2015,42.01
BP,12/4/2015,27.95
Petróleo Brasileiro S.A. - Petrobras,12/4/2015,48.00
Shell,12/4/2015,41.38
BP,12/7/2015,26.74
Shell,12/7/2015,39.56
BP,12/8/2015,26.75
Shell,12/8/2015,39.13
BP,12/9/2015,27.21
Petróleo Brasileiro S.A. - Petrobras,12/9/2015,48.00
Shell,12/9/2015,40.02
BP,12/10/2015,27.20
Petróleo Brasileiro S.A. - Petrobras,12/10/2015,48.00
Shell,12/10/2015,39.47
BP,12/11/2015,26.34
Petróleo Brasileiro S.A. - Petrobras,12/11/2015,48.00
Shell,12/11/2015,38.06
BP,12/14/2015,25.85
Petróleo Brasileiro S.A. - Petrobras,12/14/2015,30.00
Shell,12/14/2015,37.56
BP,12/15/2015,26.30
Petróleo Brasileiro S.A. - Petrobras,12/15/2015,30.00
Shell,12/15/2015,38.18
BP,12/16/2015,26.41
Petróleo Brasileiro S.A. - Petrobras,12/16/2015,30.00
Shell,12/16/2015,38.15
BP,12/17/2015,25.96
Petróleo Brasileiro S.A. - Petrobras,12/17/2015,30.00
Shell,12/17/2015,37.18
BP,12/18/2015,25.79
Petróleo Brasileiro S.A. - Petrobras,12/18/2015,30.00
Shell,12/18/2015,37.35
BP,12/21/2015,25.77
Petróleo Brasileiro S.A. - Petrobras,12/21/2015,30.00
Shell,12/21/2015,37.18
BP,12/22/2015,26.34
Petróleo Brasileiro S.A. - Petrobras,12/22/2015,30.00
Shell,12/22/2015,37.97
BP,12/23/2015,27.67
Petróleo Brasileiro S.A. - Petrobras,12/23/2015,30.00
Shell,12/23/2015,40.18
BP,12/24/2015,27.48
Shell,12/24/2015,39.53
BP,12/28/2015,27.12
Petróleo Brasileiro S.A. - Petrobras,12/28/2015,30.50
Shell,12/28/2015,39.16
BP,12/29/2015,27.26
Petróleo Brasileiro S.A. - Petrobras,12/29/2015,30.50
Shell,12/29/2015,39.73
BP,12/30/2015,26.78
Petróleo Brasileiro S.A. - Petrobras,12/30/2015,30.50
Shell,12/30/2015,39.30
BP,12/31/2015,26.74
Shell,12/31/2015,39.13
BP,1/4/2016,26.57
Exxon,1/4/2016,71.34
Petróleo Brasileiro S.A. - Petrobras,1/4/2016,30.50
Shell,1/4/2016,39.16
BP,1/5/2016,26.46
Exxon,1/5/2016,71.95
Petróleo Brasileiro S.A. - Petrobras,1/5/2016,30.50
Shell,1/5/2016,38.97
BP,1/6/2016,25.92
Exxon,1/6/2016,71.35
Petróleo Brasileiro S.A. - Petrobras,1/6/2016,30.50
Shell,1/6/2016,37.61
BP,1/7/2016,25.17
Exxon,1/7/2016,70.21
Petróleo Brasileiro S.A. - Petrobras,1/7/2016,30.50
Shell,1/7/2016,35.99
BP,1/8/2016,24.73
Exxon,1/8/2016,68.79
Petróleo Brasileiro S.A. - Petrobras,1/8/2016,30.50
Shell,1/8/2016,34.50
BP,1/11/2016,24.67
Exxon,1/11/2016,67.87
Petróleo Brasileiro S.A. - Petrobras,1/11/2016,30.50
Shell,1/11/2016,34.21
BP,1/12/2016,24.51
Exxon,1/12/2016,69.26
Petróleo Brasileiro S.A. - Petrobras,1/12/2016,30.50
Shell,1/12/2016,34.12
BP,1/13/2016,24.61
Exxon,1/13/2016,69.68
Petróleo Brasileiro S.A. - Petrobras,1/13/2016,30.50
Shell,1/13/2016,33.27
BP,1/14/2016,26.37
Exxon,1/14/2016,72.87
Petróleo Brasileiro S.A. - Petrobras,1/14/2016,30.50
Shell,1/14/2016,35.33
BP,1/15/2016,24.94
Exxon,1/15/2016,71.45
Petróleo Brasileiro S.A. - Petrobras,1/15/2016,30.50
Shell,1/15/2016,33.45
Petróleo Brasileiro S.A. - Petrobras,1/18/2016,30.50
BP,1/19/2016,24.74
Exxon,1/19/2016,70.37
Petróleo Brasileiro S.A. - Petrobras,1/19/2016,30.50
Shell,1/19/2016,32.89
BP,1/20/2016,24.34
Exxon,1/20/2016,67.40
Petróleo Brasileiro S.A. - Petrobras,1/20/2016,30.50
Shell,1/20/2016,31.51
BP,1/21/2016,25.20
Exxon,1/21/2016,68.25
Petróleo Brasileiro S.A. - Petrobras,1/21/2016,30.50
Shell,1/21/2016,32.63
BP,1/22/2016,25.96
Exxon,1/22/2016,70.52
Petróleo Brasileiro S.A. - Petrobras,1/22/2016,30.50
Shell,1/22/2016,34.55
BP,1/25/2016,25.21
Exxon,1/25/2016,68.14
Petróleo Brasileiro S.A. - Petrobras,1/25/2016,31.50
Shell,1/25/2016,33.76
BP,1/26/2016,26.29
Exxon,1/26/2016,70.64
Petróleo Brasileiro S.A. - Petrobras,1/26/2016,31.50
Shell,1/26/2016,35.25
BP,1/27/2016,26.24
Exxon,1/27/2016,69.35
Petróleo Brasileiro S.A. - Petrobras,1/27/2016,31.50
Shell,1/27/2016,35.72
BP,1/28/2016,27.28
Exxon,1/28/2016,70.91
Petróleo Brasileiro S.A. - Petrobras,1/28/2016,31.50
Shell,1/28/2016,37.03
BP,1/29/2016,27.69
Exxon,1/29/2016,71.70
Petróleo Brasileiro S.A. - Petrobras,1/29/2016,31.50
Shell,1/29/2016,37.54
BP,2/1/2016,27.12
Exxon,2/1/2016,70.27
Petróleo Brasileiro S.A. - Petrobras,2/1/2016,31.50
Shell,2/1/2016,37.07
BP,2/2/2016,24.82
Exxon,2/2/2016,68.70
Petróleo Brasileiro S.A. - Petrobras,2/2/2016,31.50
Shell,2/2/2016,35.48
BP,2/3/2016,25.37
Exxon,2/3/2016,72.28
Petróleo Brasileiro S.A. - Petrobras,2/3/2016,31.50
Shell,2/3/2016,36.74
BP,2/4/2016,26.18
Exxon,2/4/2016,73.53
Petróleo Brasileiro S.A. - Petrobras,2/4/2016,31.50
Shell,2/4/2016,38.07
BP,2/5/2016,26.06
Exxon,2/5/2016,73.76
Petróleo Brasileiro S.A. - Petrobras,2/5/2016,31.50
Shell,2/5/2016,38.18
BP,2/8/2016,25.59
Exxon,2/8/2016,74.75
Shell,2/8/2016,38.03
BP,2/9/2016,24.76
Exxon,2/9/2016,74.43
Shell,2/9/2016,36.44
BP,2/10/2016,24.49
Exxon,2/10/2016,73.75
Petróleo Brasileiro S.A. - Petrobras,2/10/2016,31.50
Shell,2/10/2016,36.15
BP,2/11/2016,24.14
Exxon,2/11/2016,73.98
Petróleo Brasileiro S.A. - Petrobras,2/11/2016,31.50
Shell,2/11/2016,36.30
BP,2/12/2016,25.35
Exxon,2/12/2016,75.31
Petróleo Brasileiro S.A. - Petrobras,2/12/2016,31.50
Shell,2/12/2016,37.67
Petróleo Brasileiro S.A. - Petrobras,2/15/2016,31.50
BP,2/16/2016,25.38
Exxon,2/16/2016,75.49
Petróleo Brasileiro S.A. - Petrobras,2/16/2016,31.50
Shell,2/16/2016,38.79
BP,2/17/2016,26.16
Exxon,2/17/2016,76.21
Petróleo Brasileiro S.A. - Petrobras,2/17/2016,31.50
Shell,2/17/2016,40.23
BP,2/18/2016,26.01
Exxon,2/18/2016,76.63
Petróleo Brasileiro S.A. - Petrobras,2/18/2016,31.50
Shell,2/18/2016,39.93
BP,2/19/2016,25.99
Exxon,2/19/2016,76.68
Petróleo Brasileiro S.A. - Petrobras,2/19/2016,31.50
Shell,2/19/2016,39.50
BP,2/22/2016,26.47
Exxon,2/22/2016,76.57
Petróleo Brasileiro S.A. - Petrobras,2/22/2016,31.50
Shell,2/22/2016,40.32
BP,2/23/2016,25.33
Exxon,2/23/2016,75.50
Petróleo Brasileiro S.A. - Petrobras,2/23/2016,31.50
Shell,2/23/2016,38.68
BP,2/24/2016,24.93
Exxon,2/24/2016,75.77
Petróleo Brasileiro S.A. - Petrobras,2/24/2016,31.50
Shell,2/24/2016,38.61
BP,2/25/2016,25.03
Exxon,2/25/2016,76.22
Petróleo Brasileiro S.A. - Petrobras,2/25/2016,31.50
Shell,2/25/2016,39.32
BP,2/26/2016,25.33
Exxon,2/26/2016,75.98
Petróleo Brasileiro S.A. - Petrobras,2/26/2016,31.50
Shell,2/26/2016,39.73
BP,2/29/2016,25.41
Exxon,2/29/2016,74.49
Petróleo Brasileiro S.A. - Petrobras,2/29/2016,31.50
Shell,2/29/2016,39.68
BP,3/1/2016,25.88
Exxon,3/1/2016,75.54
Petróleo Brasileiro S.A. - Petrobras,3/1/2016,31.50
Shell,3/1/2016,40.52
BP,3/2/2016,26.39
Exxon,3/2/2016,76.86
Petróleo Brasileiro S.A. - Petrobras,3/2/2016,31.50
Shell,3/2/2016,41.10
BP,3/3/2016,26.96
Exxon,3/3/2016,76.58
Petróleo Brasileiro S.A. - Petrobras,3/3/2016,31.50
Shell,3/3/2016,41.53
BP,3/4/2016,27.21
Exxon,3/4/2016,76.48
Petróleo Brasileiro S.A. - Petrobras,3/4/2016,31.50
Shell,3/4/2016,41.87
BP,3/7/2016,27.52
Exxon,3/7/2016,78.50
Petróleo Brasileiro S.A. - Petrobras,3/7/2016,31.50
Shell,3/7/2016,42.12
BP,3/8/2016,26.27
Exxon,3/8/2016,76.80
Petróleo Brasileiro S.A. - Petrobras,3/8/2016,31.50
Shell,3/8/2016,41.12
BP,3/9/2016,26.47
Exxon,3/9/2016,76.58
Petróleo Brasileiro S.A. - Petrobras,3/9/2016,31.50
Shell,3/9/2016,42.07
BP,3/10/2016,26.06
Exxon,3/10/2016,76.38
Petróleo Brasileiro S.A. - Petrobras,3/10/2016,31.50
Shell,3/10/2016,41.30
BP,3/11/2016,26.69
Exxon,3/11/2016,76.39
Petróleo Brasileiro S.A. - Petrobras,3/11/2016,31.50
Shell,3/11/2016,42.14
BP,3/14/2016,26.16
Exxon,3/14/2016,76.59
Petróleo Brasileiro S.A. - Petrobras,3/14/2016,31.50
Shell,3/14/2016,41.96
BP,3/15/2016,25.89
Exxon,3/15/2016,76.97
Petróleo Brasileiro S.A. - Petrobras,3/15/2016,31.50
Shell,3/15/2016,41.71
BP,3/16/2016,26.65
Exxon,3/16/2016,77.02
Petróleo Brasileiro S.A. - Petrobras,3/16/2016,28.10
Shell,3/16/2016,42.72
BP,3/17/2016,27.55
Exxon,3/17/2016,78.16
Petróleo Brasileiro S.A. - Petrobras,3/17/2016,30.00
Shell,3/17/2016,43.71
BP,3/18/2016,27.37
Exxon,3/18/2016,78.26
Petróleo Brasileiro S.A. - Petrobras,3/18/2016,30.00
Shell,3/18/2016,43.16
BP,3/21/2016,27.18
Exxon,3/21/2016,77.72
Petróleo Brasileiro S.A. - Petrobras,3/21/2016,30.00
Shell,3/21/2016,42.80
BP,3/22/2016,27.03
Exxon,3/22/2016,78.18
Petróleo Brasileiro S.A. - Petrobras,3/22/2016,30.00
Shell,3/22/2016,42.28
BP,3/23/2016,26.38
Exxon,3/23/2016,77.84
Petróleo Brasileiro S.A. - Petrobras,3/23/2016,30.00
Shell,3/23/2016,41.62
BP,3/24/2016,26.57
Exxon,3/24/2016,78.05
Shell,3/24/2016,42.13
BP,3/28/2016,26.57
Exxon,3/28/2016,78.27
Petróleo Brasileiro S.A. - Petrobras,3/28/2016,30.00
Shell,3/28/2016,42.01
BP,3/29/2016,26.51
Exxon,3/29/2016,78.56
Petróleo Brasileiro S.A. - Petrobras,3/29/2016,30.00
Shell,3/29/2016,41.94
BP,3/30/2016,27.02
Exxon,3/30/2016,78.55
Petróleo Brasileiro S.A. - Petrobras,3/30/2016,30.00
Shell,3/30/2016,42.83
BP,3/31/2016,26.36
Exxon,3/31/2016,77.69
Petróleo Brasileiro S.A. - Petrobras,3/31/2016,32.50
Shell,3/31/2016,42.28
BP,4/1/2016,25.83
Exxon,4/1/2016,77.10
Petróleo Brasileiro S.A. - Petrobras,4/1/2016,32.50
Shell,4/1/2016,41.58
BP,4/4/2016,25.84
Exxon,4/4/2016,77.29
Petróleo Brasileiro S.A. - Petrobras,4/4/2016,32.50
Shell,4/4/2016,41.66
BP,4/5/2016,25.27
Exxon,4/5/2016,76.41
Petróleo Brasileiro S.A. - Petrobras,4/5/2016,32.50
Shell,4/5/2016,40.77
BP,4/6/2016,25.59
Exxon,4/6/2016,77.43
Petróleo Brasileiro S.A. - Petrobras,4/6/2016,32.50
Shell,4/6/2016,41.60
BP,4/7/2016,25.45
Exxon,4/7/2016,76.56
Petróleo Brasileiro S.A. - Petrobras,4/7/2016,32.50
Shell,4/7/2016,41.23
BP,4/8/2016,26.34
Exxon,4/8/2016,77.34
Petróleo Brasileiro S.A. - Petrobras,4/8/2016,32.50
Shell,4/8/2016,42.96
BP,4/11/2016,26.48
Exxon,4/11/2016,77.44
Petróleo Brasileiro S.A. - Petrobras,4/11/2016,32.50
Shell,4/11/2016,43.45
BP,4/12/2016,27.25
Exxon,4/12/2016,78.40
Petróleo Brasileiro S.A. - Petrobras,4/12/2016,32.50
Shell,4/12/2016,44.38
BP,4/13/2016,27.41
Exxon,4/13/2016,78.84
Petróleo Brasileiro S.A. - Petrobras,4/13/2016,32.50
Shell,4/13/2016,44.78
BP,4/14/2016,27.01
Exxon,4/14/2016,79.40
Petróleo Brasileiro S.A. - Petrobras,4/14/2016,32.50
Shell,4/14/2016,45.11
BP,4/15/2016,26.77
Exxon,4/15/2016,78.97
Petróleo Brasileiro S.A. - Petrobras,4/15/2016,32.50
Shell,4/15/2016,45.13
BP,4/18/2016,27.13
Exxon,4/18/2016,79.72
Petróleo Brasileiro S.A. - Petrobras,4/18/2016,32.50
Shell,4/18/2016,45.29
BP,4/19/2016,27.74
Exxon,4/19/2016,80.12
Petróleo Brasileiro S.A. - Petrobras,4/19/2016,32.50
Shell,4/19/2016,45.68
BP,4/20/2016,27.83
Exxon,4/20/2016,80.67
Petróleo Brasileiro S.A. - Petrobras,4/20/2016,32.50
Shell,4/20/2016,45.84
BP,4/21/2016,27.72
Exxon,4/21/2016,80.66
Petróleo Brasileiro S.A. - Petrobras,4/21/2016,32.50
Shell,4/21/2016,45.92
BP,4/22/2016,28.08
Exxon,4/22/2016,81.35
Petróleo Brasileiro S.A. - Petrobras,4/22/2016,32.50
Shell,4/22/2016,46.11
BP,4/25/2016,27.77
Exxon,4/25/2016,81.16
Petróleo Brasileiro S.A. - Petrobras,4/25/2016,32.50
Shell,4/25/2016,45.07
BP,4/26/2016,29.25
Exxon,4/26/2016,81.44
Petróleo Brasileiro S.A. - Petrobras,4/26/2016,32.50
Shell,4/26/2016,45.67
BP,4/27/2016,29.56
Exxon,4/27/2016,82.22
Petróleo Brasileiro S.A. - Petrobras,4/27/2016,32.50
Shell,4/27/2016,46.66
BP,4/28/2016,29.25
Exxon,4/28/2016,81.82
Petróleo Brasileiro S.A. - Petrobras,4/28/2016,32.50
Shell,4/28/2016,46.32
BP,4/29/2016,29.33
Exxon,4/29/2016,82.16
Petróleo Brasileiro S.A. - Petrobras,4/29/2016,32.50
Shell,4/29/2016,46.15
BP,5/2/2016,29.37
Exxon,5/2/2016,82.84
Petróleo Brasileiro S.A. - Petrobras,5/2/2016,32.50
Shell,5/2/2016,46.19
BP,5/3/2016,28.44
Exxon,5/3/2016,81.89
Petróleo Brasileiro S.A. - Petrobras,5/3/2016,32.50
Shell,5/3/2016,44.93
BP,5/4/2016,27.96
Exxon,5/4/2016,81.73
Petróleo Brasileiro S.A. - Petrobras,5/4/2016,31.50
Shell,5/4/2016,43.82
BP,5/5/2016,28.10
Exxon,5/5/2016,81.82
Petróleo Brasileiro S.A. - Petrobras,5/5/2016,41.00
Shell,5/5/2016,44.07
BP,5/6/2016,28.10
Exxon,5/6/2016,82.26
Petróleo Brasileiro S.A. - Petrobras,5/6/2016,41.00
Shell,5/6/2016,44.28
BP,5/9/2016,27.66
Exxon,5/9/2016,82.32
Petróleo Brasileiro S.A. - Petrobras,5/9/2016,41.00
Shell,5/9/2016,43.28
BP,5/10/2016,28.19
Exxon,5/10/2016,83.64
Petróleo Brasileiro S.A. - Petrobras,5/10/2016,41.00
Shell,5/10/2016,44.18
BP,5/11/2016,28.18
Exxon,5/11/2016,83.23
Petróleo Brasileiro S.A. - Petrobras,5/11/2016,41.00
Shell,5/11/2016,44.15
BP,5/12/2016,28.35
Exxon,5/12/2016,84.04
Petróleo Brasileiro S.A. - Petrobras,5/12/2016,42.00
Shell,5/12/2016,44.29
BP,5/13/2016,28.01
Exxon,5/13/2016,83.09
Petróleo Brasileiro S.A. - Petrobras,5/13/2016,42.00
Shell,5/13/2016,43.31
BP,5/16/2016,28.53
Exxon,5/16/2016,83.95
Petróleo Brasileiro S.A. - Petrobras,5/16/2016,42.00
Shell,5/16/2016,44.51
BP,5/17/2016,28.67
Exxon,5/17/2016,83.91
Petróleo Brasileiro S.A. - Petrobras,5/17/2016,42.00
Shell,5/17/2016,44.35
BP,5/18/2016,28.59
Exxon,5/18/2016,83.74
Petróleo Brasileiro S.A. - Petrobras,5/18/2016,42.00
Shell,5/18/2016,44.10
BP,5/19/2016,28.46
Exxon,5/19/2016,84.45
Petróleo Brasileiro S.A. - Petrobras,5/19/2016,42.00
Shell,5/19/2016,43.74
BP,5/20/2016,28.41
Exxon,5/20/2016,84.11
Petróleo Brasileiro S.A. - Petrobras,5/20/2016,42.00
Shell,5/20/2016,43.76
BP,5/23/2016,28.00
Exxon,5/23/2016,83.97
Petróleo Brasileiro S.A. - Petrobras,5/23/2016,42.00
Shell,5/23/2016,43.27
BP,5/24/2016,28.33
Exxon,5/24/2016,84.04
Petróleo Brasileiro S.A. - Petrobras,5/24/2016,42.00
Shell,5/24/2016,43.58
BP,5/25/2016,29.24
Exxon,5/25/2016,84.59
Shell,5/25/2016,44.76
BP,5/26/2016,29.01
Exxon,5/26/2016,84.16
Petróleo Brasileiro S.A. - Petrobras,5/26/2016,43.00
Shell,5/26/2016,44.32
BP,5/27/2016,28.80
Exxon,5/27/2016,84.36
Petróleo Brasileiro S.A. - Petrobras,5/27/2016,43.00
Shell,5/27/2016,44.05
Petróleo Brasileiro S.A. - Petrobras,5/30/2016,43.00
BP,5/31/2016,27.94
Exxon,5/31/2016,83.43
Petróleo Brasileiro S.A. - Petrobras,5/31/2016,43.00
Shell,5/31/2016,43.11
BP,6/1/2016,27.89
Exxon,6/1/2016,83.64
Petróleo Brasileiro S.A. - Petrobras,6/1/2016,43.00
Shell,6/1/2016,43.45
BP,6/2/2016,28.05
Exxon,6/2/2016,82.97
Petróleo Brasileiro S.A. - Petrobras,6/2/2016,43.00
Shell,6/2/2016,43.43
BP,6/3/2016,28.37
Exxon,6/3/2016,82.82
Petróleo Brasileiro S.A. - Petrobras,6/3/2016,42.30
Shell,6/3/2016,43.97
BP,6/6/2016,28.95
Exxon,6/6/2016,83.73
Petróleo Brasileiro S.A. - Petrobras,6/6/2016,42.30
Shell,6/6/2016,44.24
BP,6/7/2016,29.43
Exxon,6/7/2016,85.01
Petróleo Brasileiro S.A. - Petrobras,6/7/2016,40.00
Shell,6/7/2016,45.88
BP,6/8/2016,29.61
Exxon,6/8/2016,85.09
Petróleo Brasileiro S.A. - Petrobras,6/8/2016,40.00
Shell,6/8/2016,47.08
BP,6/9/2016,29.40
Exxon,6/9/2016,84.98
Petróleo Brasileiro S.A. - Petrobras,6/9/2016,40.00
Shell,6/9/2016,46.51
BP,6/10/2016,28.67
Exxon,6/10/2016,84.33
Petróleo Brasileiro S.A. - Petrobras,6/10/2016,40.00
Shell,6/10/2016,45.61
BP,6/13/2016,28.35
Exxon,6/13/2016,84.90
Petróleo Brasileiro S.A. - Petrobras,6/13/2016,40.00
Shell,6/13/2016,44.97
BP,6/14/2016,27.52
Exxon,6/14/2016,84.75
Petróleo Brasileiro S.A. - Petrobras,6/14/2016,40.00
Shell,6/14/2016,43.93
BP,6/15/2016,27.72
Exxon,6/15/2016,84.50
Petróleo Brasileiro S.A. - Petrobras,6/15/2016,40.00
Shell,6/15/2016,43.90
BP,6/16/2016,28.50
Exxon,6/16/2016,85.49
Petróleo Brasileiro S.A. - Petrobras,6/16/2016,40.00
Shell,6/16/2016,44.56
BP,6/17/2016,29.14
Exxon,6/17/2016,85.02
Petróleo Brasileiro S.A. - Petrobras,6/17/2016,null
Shell,6/17/2016,45.93
BP,6/20/2016,29.74
Exxon,6/20/2016,85.40
Shell,6/20/2016,46.78
BP,6/21/2016,30.39
Exxon,6/21/2016,85.78
Petróleo Brasileiro S.A. - Petrobras,6/21/2016,40.00
Shell,6/21/2016,47.79
BP,6/22/2016,30.16
Exxon,6/22/2016,85.45
Petróleo Brasileiro S.A. - Petrobras,6/22/2016,40.00
Shell,6/22/2016,47.57
BP,6/23/2016,30.82
Exxon,6/23/2016,86.04
Petróleo Brasileiro S.A. - Petrobras,6/23/2016,40.00
Shell,6/23/2016,49.05
BP,6/24/2016,29.35
Exxon,6/24/2016,83.78
Petróleo Brasileiro S.A. - Petrobras,6/24/2016,40.00
Shell,6/24/2016,45.89
BP,6/27/2016,28.47
Exxon,6/27/2016,83.28
Petróleo Brasileiro S.A. - Petrobras,6/27/2016,40.00
Shell,6/27/2016,45.32
BP,6/28/2016,29.58
Exxon,6/28/2016,85.20
Petróleo Brasileiro S.A. - Petrobras,6/28/2016,40.00
Shell,6/28/2016,46.45
BP,6/29/2016,30.96
Exxon,6/29/2016,86.66
Petróleo Brasileiro S.A. - Petrobras,6/29/2016,43.00
Shell,6/29/2016,48.22
BP,6/30/2016,31.60
Exxon,6/30/2016,87.85
Petróleo Brasileiro S.A. - Petrobras,6/30/2016,43.00
Shell,6/30/2016,49.09
BP,7/1/2016,32.04
Exxon,7/1/2016,87.95
Petróleo Brasileiro S.A. - Petrobras,7/1/2016,44.00
Shell,7/1/2016,49.39
Petróleo Brasileiro S.A. - Petrobras,7/4/2016,44.00
BP,7/5/2016,31.95
Exxon,7/5/2016,87.18
Petróleo Brasileiro S.A. - Petrobras,7/5/2016,44.00
Shell,7/5/2016,48.81
BP,7/6/2016,31.65
Exxon,7/6/2016,88.18
Petróleo Brasileiro S.A. - Petrobras,7/6/2016,44.00
Shell,7/6/2016,48.74
BP,7/7/2016,31.50
Exxon,7/7/2016,87.12
Petróleo Brasileiro S.A. - Petrobras,7/7/2016,44.00
Shell,7/7/2016,48.24
BP,7/8/2016,31.97
Exxon,7/8/2016,87.67
Shell,7/8/2016,48.52
BP,7/11/2016,32.13
Exxon,7/11/2016,88.00
Petróleo Brasileiro S.A. - Petrobras,7/11/2016,44.00
Shell,7/11/2016,48.79
BP,7/12/2016,32.85
Exxon,7/12/2016,88.99
Petróleo Brasileiro S.A. - Petrobras,7/12/2016,45.00
Shell,7/12/2016,49.62
BP,7/13/2016,32.53
Exxon,7/13/2016,88.92
Petróleo Brasileiro S.A. - Petrobras,7/13/2016,45.00
Shell,7/13/2016,49.37
BP,7/14/2016,32.53
Exxon,7/14/2016,88.99
Petróleo Brasileiro S.A. - Petrobras,7/14/2016,48.50
Shell,7/14/2016,49.31
BP,7/15/2016,32.53
Exxon,7/15/2016,89.15
Petróleo Brasileiro S.A. - Petrobras,7/15/2016,48.50
Shell,7/15/2016,49.08
BP,7/18/2016,32.19
Exxon,7/18/2016,88.87
Petróleo Brasileiro S.A. - Petrobras,7/18/2016,48.50
Shell,7/18/2016,49.53
BP,7/19/2016,32.06
Exxon,7/19/2016,88.54
Petróleo Brasileiro S.A. - Petrobras,7/19/2016,48.50
Shell,7/19/2016,49.19
BP,7/20/2016,32.00
Exxon,7/20/2016,88.03
Petróleo Brasileiro S.A. - Petrobras,7/20/2016,48.50
Shell,7/20/2016,49.04
BP,7/21/2016,31.89
Exxon,7/21/2016,87.96
Petróleo Brasileiro S.A. - Petrobras,7/21/2016,48.50
Shell,7/21/2016,48.93
BP,7/22/2016,31.92
Exxon,7/22/2016,88.11
Petróleo Brasileiro S.A. - Petrobras,7/22/2016,48.50
Shell,7/22/2016,48.99
BP,7/25/2016,31.06
Exxon,7/25/2016,86.41
Petróleo Brasileiro S.A. - Petrobras,7/25/2016,45.00
Shell,7/25/2016,47.61
BP,7/26/2016,30.78
Exxon,7/26/2016,85.78
Petróleo Brasileiro S.A. - Petrobras,7/26/2016,45.00
Shell,7/26/2016,48.33
BP,7/27/2016,30.76
Exxon,7/27/2016,85.20
Petróleo Brasileiro S.A. - Petrobras,7/27/2016,45.00
Shell,7/27/2016,47.96
BP,7/28/2016,30.25
Exxon,7/28/2016,84.54
Petróleo Brasileiro S.A. - Petrobras,7/28/2016,45.00
Shell,7/28/2016,46.54
BP,7/29/2016,30.61
Exxon,7/29/2016,83.37
Petróleo Brasileiro S.A. - Petrobras,7/29/2016,45.00
Shell,7/29/2016,46.04
BP,8/1/2016,29.53
Exxon,8/1/2016,80.47
Petróleo Brasileiro S.A. - Petrobras,8/1/2016,45.00
Shell,8/1/2016,44.08
BP,8/2/2016,29.77
Exxon,8/2/2016,81.58
Petróleo Brasileiro S.A. - Petrobras,8/2/2016,45.00
Shell,8/2/2016,44.19
BP,8/3/2016,29.91
Exxon,8/3/2016,82.00
Petróleo Brasileiro S.A. - Petrobras,8/3/2016,45.00
Shell,8/3/2016,44.25
BP,8/4/2016,29.90
Exxon,8/4/2016,81.99
Petróleo Brasileiro S.A. - Petrobras,8/4/2016,45.00
Shell,8/4/2016,44.55
BP,8/5/2016,30.04
Exxon,8/5/2016,82.06
Petróleo Brasileiro S.A. - Petrobras,8/5/2016,45.00
Shell,8/5/2016,44.59
BP,8/8/2016,30.06
Exxon,8/8/2016,83.03
Petróleo Brasileiro S.A. - Petrobras,8/8/2016,45.00
Shell,8/8/2016,44.76
BP,8/9/2016,30.25
Exxon,8/9/2016,83.13
Petróleo Brasileiro S.A. - Petrobras,8/9/2016,45.00
Shell,8/9/2016,44.65
BP,8/10/2016,29.91
Exxon,8/10/2016,81.68
Petróleo Brasileiro S.A. - Petrobras,8/10/2016,45.00
Shell,8/10/2016,44.34
BP,8/11/2016,30.48
Exxon,8/11/2016,81.97
Petróleo Brasileiro S.A. - Petrobras,8/11/2016,45.00
Shell,8/11/2016,45.25
BP,8/12/2016,30.57
Exxon,8/12/2016,83.04
Petróleo Brasileiro S.A. - Petrobras,8/12/2016,45.00
Shell,8/12/2016,45.15
BP,8/15/2016,30.69
Exxon,8/15/2016,83.00
Shell,8/15/2016,45.32
BP,8/16/2016,31.00
Exxon,8/16/2016,83.10
Petróleo Brasileiro S.A. - Petrobras,8/16/2016,45.00
Shell,8/16/2016,45.93
BP,8/17/2016,30.99
Exxon,8/17/2016,83.28
Petróleo Brasileiro S.A. - Petrobras,8/17/2016,45.00
Shell,8/17/2016,46.05
BP,8/18/2016,31.40
Exxon,8/18/2016,84.04
Petróleo Brasileiro S.A. - Petrobras,8/18/2016,48.50
Shell,8/18/2016,46.53
BP,8/19/2016,31.11
Exxon,8/19/2016,82.99
Petróleo Brasileiro S.A. - Petrobras,8/19/2016,48.50
Shell,8/19/2016,45.85
BP,8/22/2016,30.77
Exxon,8/22/2016,83.17
Petróleo Brasileiro S.A. - Petrobras,8/22/2016,48.50
Shell,8/22/2016,45.40
BP,8/23/2016,30.93
Exxon,8/23/2016,82.91
Petróleo Brasileiro S.A. - Petrobras,8/23/2016,55.00
Shell,8/23/2016,45.35
BP,8/24/2016,31.05
Exxon,8/24/2016,83.20
Petróleo Brasileiro S.A. - Petrobras,8/24/2016,55.00
Shell,8/24/2016,45.01
BP,8/25/2016,31.01
Exxon,8/25/2016,82.67
Petróleo Brasileiro S.A. - Petrobras,8/25/2016,55.00
Shell,8/25/2016,45.04
BP,8/26/2016,30.95
Exxon,8/26/2016,82.49
Petróleo Brasileiro S.A. - Petrobras,8/26/2016,55.00
Shell,8/26/2016,45.03
BP,8/29/2016,31.03
Exxon,8/29/2016,83.03
Petróleo Brasileiro S.A. - Petrobras,8/29/2016,55.00
Shell,8/29/2016,45.08
BP,8/30/2016,30.90
Exxon,8/30/2016,82.72
Petróleo Brasileiro S.A. - Petrobras,8/30/2016,55.00
Shell,8/30/2016,45.13
BP,8/31/2016,30.68
Exxon,8/31/2016,82.37
Petróleo Brasileiro S.A. - Petrobras,8/31/2016,55.00
Shell,8/31/2016,44.30
BP,9/1/2016,30.50
Exxon,9/1/2016,82.08
Petróleo Brasileiro S.A. - Petrobras,9/1/2016,55.00
Shell,9/1/2016,44.06
BP,9/2/2016,31.26
Exxon,9/2/2016,82.63
Petróleo Brasileiro S.A. - Petrobras,9/2/2016,60.00
Shell,9/2/2016,44.97
Petróleo Brasileiro S.A. - Petrobras,9/5/2016,60.00
BP,9/6/2016,31.43
Exxon,9/6/2016,83.72
Petróleo Brasileiro S.A. - Petrobras,9/6/2016,60.00
Shell,9/6/2016,45.55
BP,9/7/2016,31.50
Exxon,9/7/2016,83.41
Petróleo Brasileiro S.A. - Petrobras,9/7/2016,60.00
Shell,9/7/2016,45.86
BP,9/8/2016,31.79
Exxon,9/8/2016,84.17
Petróleo Brasileiro S.A. - Petrobras,9/8/2016,65.00
Shell,9/8/2016,46.34
BP,9/9/2016,31.13
Exxon,9/9/2016,82.08
Petróleo Brasileiro S.A. - Petrobras,9/9/2016,65.00
Shell,9/9/2016,44.92
BP,9/12/2016,31.38
Exxon,9/12/2016,82.51
Petróleo Brasileiro S.A. - Petrobras,9/12/2016,65.00
Shell,9/12/2016,45.07
BP,9/13/2016,30.36
Exxon,9/13/2016,80.54
Petróleo Brasileiro S.A. - Petrobras,9/13/2016,65.00
Shell,9/13/2016,43.69
BP,9/14/2016,30.19
Exxon,9/14/2016,79.96
Petróleo Brasileiro S.A. - Petrobras,9/14/2016,65.00
Shell,9/14/2016,43.25
BP,9/15/2016,30.46
Exxon,9/15/2016,80.42
Petróleo Brasileiro S.A. - Petrobras,9/15/2016,65.00
Shell,9/15/2016,43.50
BP,9/16/2016,30.18
Exxon,9/16/2016,79.43
Petróleo Brasileiro S.A. - Petrobras,9/16/2016,65.00
Shell,9/16/2016,42.77
BP,9/19/2016,30.30
Exxon,9/19/2016,79.24
Petróleo Brasileiro S.A. - Petrobras,9/19/2016,65.00
Shell,9/19/2016,42.96
BP,9/20/2016,29.97
Exxon,9/20/2016,78.02
Petróleo Brasileiro S.A. - Petrobras,9/20/2016,65.00
Shell,9/20/2016,42.63
BP,9/21/2016,30.46
Exxon,9/21/2016,78.74
Petróleo Brasileiro S.A. - Petrobras,9/21/2016,65.00
Shell,9/21/2016,43.49
BP,9/22/2016,31.04
Exxon,9/22/2016,78.96
Petróleo Brasileiro S.A. - Petrobras,9/22/2016,65.00
Shell,9/22/2016,43.91
BP,9/23/2016,30.77
Exxon,9/23/2016,78.88
Petróleo Brasileiro S.A. - Petrobras,9/23/2016,65.00
Shell,9/23/2016,43.46
BP,9/26/2016,30.52
Exxon,9/26/2016,78.51
Petróleo Brasileiro S.A. - Petrobras,9/26/2016,65.00
Shell,9/26/2016,43.01
BP,9/27/2016,30.46
Exxon,9/27/2016,78.68
Petróleo Brasileiro S.A. - Petrobras,9/27/2016,65.00
Shell,9/27/2016,42.67
BP,9/28/2016,31.57
Exxon,9/28/2016,82.14
Petróleo Brasileiro S.A. - Petrobras,9/28/2016,65.00
Shell,9/28/2016,44.14
BP,9/29/2016,31.77
Exxon,9/29/2016,81.72
Petróleo Brasileiro S.A. - Petrobras,9/29/2016,65.00
Shell,9/29/2016,45.05
BP,9/30/2016,31.86
Exxon,9/30/2016,82.50
Petróleo Brasileiro S.A. - Petrobras,9/30/2016,65.00
Shell,9/30/2016,45.36
BP,10/3/2016,32.14
Exxon,10/3/2016,82.28
Petróleo Brasileiro S.A. - Petrobras,10/3/2016,65.00
Shell,10/3/2016,45.62
BP,10/4/2016,32.33
Exxon,10/4/2016,81.52
Petróleo Brasileiro S.A. - Petrobras,10/4/2016,65.00
Shell,10/4/2016,45.91
BP,10/5/2016,32.65
Exxon,10/5/2016,82.23
Petróleo Brasileiro S.A. - Petrobras,10/5/2016,65.00
Shell,10/5/2016,46.67
BP,10/6/2016,32.58
Exxon,10/6/2016,82.27
Petróleo Brasileiro S.A. - Petrobras,10/6/2016,65.00
Shell,10/6/2016,46.33
BP,10/7/2016,32.78
Exxon,10/7/2016,81.99
Petróleo Brasileiro S.A. - Petrobras,10/7/2016,65.00
Shell,10/7/2016,46.48
BP,10/10/2016,33.23
Exxon,10/10/2016,83.59
Shell,10/10/2016,47.29
BP,10/11/2016,32.42
Exxon,10/11/2016,82.93
Petróleo Brasileiro S.A. - Petrobras,10/11/2016,65.00
Shell,10/11/2016,46.40
BP,10/12/2016,32.43
Exxon,10/12/2016,82.36
Petróleo Brasileiro S.A. - Petrobras,10/12/2016,65.00
Shell,10/12/2016,46.14
BP,10/13/2016,32.33
Exxon,10/13/2016,81.82
Petróleo Brasileiro S.A. - Petrobras,10/13/2016,65.00
Shell,10/13/2016,45.80
BP,10/14/2016,32.48
Exxon,10/14/2016,81.80
Petróleo Brasileiro S.A. - Petrobras,10/14/2016,70.00
Shell,10/14/2016,45.98
BP,10/17/2016,32.17
Exxon,10/17/2016,81.80
Petróleo Brasileiro S.A. - Petrobras,10/17/2016,70.00
Shell,10/17/2016,45.52
BP,10/18/2016,32.60
Exxon,10/18/2016,82.02
Petróleo Brasileiro S.A. - Petrobras,10/18/2016,70.00
Shell,10/18/2016,45.86
BP,10/19/2016,32.67
Exxon,10/19/2016,82.39
Petróleo Brasileiro S.A. - Petrobras,10/19/2016,70.00
Shell,10/19/2016,46.22
BP,10/20/2016,32.67
Exxon,10/20/2016,82.43
Petróleo Brasileiro S.A. - Petrobras,10/20/2016,70.00
Shell,10/20/2016,46.19
BP,10/21/2016,32.85
Exxon,10/21/2016,81.87
Petróleo Brasileiro S.A. - Petrobras,10/21/2016,70.00
Shell,10/21/2016,46.04
BP,10/24/2016,32.50
Exxon,10/24/2016,82.15
Petróleo Brasileiro S.A. - Petrobras,10/24/2016,70.00
Shell,10/24/2016,45.83
BP,10/25/2016,32.66
Exxon,10/25/2016,81.97
Petróleo Brasileiro S.A. - Petrobras,10/25/2016,70.00
Shell,10/25/2016,45.76
BP,10/26/2016,32.49
Exxon,10/26/2016,82.32
Petróleo Brasileiro S.A. - Petrobras,10/26/2016,70.00
Shell,10/26/2016,45.37
BP,10/27/2016,32.62
Exxon,10/27/2016,82.16
Petróleo Brasileiro S.A. - Petrobras,10/27/2016,70.00
Shell,10/27/2016,45.77
BP,10/28/2016,32.33
Exxon,10/28/2016,80.13
Petróleo Brasileiro S.A. - Petrobras,10/28/2016,70.00
Shell,10/28/2016,45.18
BP,10/31/2016,32.21
Exxon,10/31/2016,78.75
Petróleo Brasileiro S.A. - Petrobras,10/31/2016,70.00
Shell,10/31/2016,45.13
BP,11/1/2016,30.91
Exxon,11/1/2016,79.07
Petróleo Brasileiro S.A. - Petrobras,11/1/2016,70.00
Shell,11/1/2016,47.26
BP,11/2/2016,30.82
Exxon,11/2/2016,78.88
Petróleo Brasileiro S.A. - Petrobras,11/2/2016,70.00
Shell,11/2/2016,46.20
BP,11/3/2016,30.66
Exxon,11/3/2016,79.08
Petróleo Brasileiro S.A. - Petrobras,11/3/2016,70.00
Shell,11/3/2016,46.10
BP,11/4/2016,30.39
Exxon,11/4/2016,78.99
Petróleo Brasileiro S.A. - Petrobras,11/4/2016,70.00
Shell,11/4/2016,45.55
BP,11/7/2016,30.83
Exxon,11/7/2016,80.77
Petróleo Brasileiro S.A. - Petrobras,11/7/2016,70.00
Shell,11/7/2016,46.53
BP,11/8/2016,30.88
Exxon,11/8/2016,81.35
Petróleo Brasileiro S.A. - Petrobras,11/8/2016,70.00
Shell,11/8/2016,46.61
BP,11/9/2016,31.21
Exxon,11/9/2016,82.25
Petróleo Brasileiro S.A. - Petrobras,11/9/2016,70.00
Shell,11/9/2016,46.95
BP,11/10/2016,31.31
Exxon,11/10/2016,83.01
Petróleo Brasileiro S.A. - Petrobras,11/10/2016,70.00
Shell,11/10/2016,47.20
BP,11/11/2016,30.61
Exxon,11/11/2016,81.69
Petróleo Brasileiro S.A. - Petrobras,11/11/2016,70.00
Shell,11/11/2016,45.48
BP,11/14/2016,30.42
Exxon,11/14/2016,81.32
Petróleo Brasileiro S.A. - Petrobras,11/14/2016,70.00
Shell,11/14/2016,45.02
BP,11/15/2016,31.00
Exxon,11/15/2016,82.79
Petróleo Brasileiro S.A. - Petrobras,11/15/2016,70.00
Shell,11/15/2016,46.05
BP,11/16/2016,30.72
Exxon,11/16/2016,81.77
Petróleo Brasileiro S.A. - Petrobras,11/16/2016,70.00
Shell,11/16/2016,45.47
BP,11/17/2016,30.90
Exxon,11/17/2016,81.27
Petróleo Brasileiro S.A. - Petrobras,11/17/2016,70.00
Shell,11/17/2016,45.63
BP,11/18/2016,31.03
Exxon,11/18/2016,81.32
Petróleo Brasileiro S.A. - Petrobras,11/18/2016,70.00
Shell,11/18/2016,45.42
BP,11/21/2016,31.73
Exxon,11/21/2016,82.47
Petróleo Brasileiro S.A. - Petrobras,11/21/2016,70.00
Shell,11/21/2016,46.63
BP,11/22/2016,31.86
Exxon,11/22/2016,82.66
Petróleo Brasileiro S.A. - Petrobras,11/22/2016,70.00
Shell,11/22/2016,46.84
BP,11/23/2016,31.73
Exxon,11/23/2016,82.89
Petróleo Brasileiro S.A. - Petrobras,11/23/2016,70.00
Shell,11/23/2016,46.42
Petróleo Brasileiro S.A. - Petrobras,11/24/2016,70.00
BP,11/25/2016,31.61
Exxon,11/25/2016,83.08
Petróleo Brasileiro S.A. - Petrobras,11/25/2016,70.00
Shell,11/25/2016,46.31
BP,11/28/2016,31.10
Exxon,11/28/2016,82.46
Shell,11/28/2016,45.40
BP,11/29/2016,30.92
Exxon,11/29/2016,81.91
Petróleo Brasileiro S.A. - Petrobras,11/29/2016,70.00
Shell,11/29/2016,45.28
BP,11/30/2016,32.29
Exxon,11/30/2016,83.25
Petróleo Brasileiro S.A. - Petrobras,11/30/2016,70.00
Shell,11/30/2016,47.16
BP,12/1/2016,32.64
Exxon,12/1/2016,83.19
Petróleo Brasileiro S.A. - Petrobras,12/1/2016,70.00
Shell,12/1/2016,47.79
BP,12/2/2016,32.73
Exxon,12/2/2016,83.00
Petróleo Brasileiro S.A. - Petrobras,12/2/2016,81.00
Shell,12/2/2016,47.91
BP,12/5/2016,32.73
Exxon,12/5/2016,83.42
Petróleo Brasileiro S.A. - Petrobras,12/5/2016,81.00
Shell,12/5/2016,48.17
BP,12/6/2016,32.81
Exxon,12/6/2016,83.50
Petróleo Brasileiro S.A. - Petrobras,12/6/2016,81.00
Shell,12/6/2016,48.33
BP,12/7/2016,33.11
Exxon,12/7/2016,83.98
Petróleo Brasileiro S.A. - Petrobras,12/7/2016,81.00
Shell,12/7/2016,48.77
BP,12/8/2016,33.38
Exxon,12/8/2016,84.22
Shell,12/8/2016,48.69
BP,12/9/2016,33.22
Exxon,12/9/2016,84.87
Shell,12/9/2016,48.74
BP,12/12/2016,33.68
Exxon,12/12/2016,86.76
Petróleo Brasileiro S.A. - Petrobras,12/12/2016,81.00
Shell,12/12/2016,49.29
BP,12/13/2016,33.94
Exxon,12/13/2016,88.28
Petróleo Brasileiro S.A. - Petrobras,12/13/2016,81.00
Shell,12/13/2016,50.10
BP,12/14/2016,33.23
Exxon,12/14/2016,86.38
Petróleo Brasileiro S.A. - Petrobras,12/14/2016,81.00
Shell,12/14/2016,49.20
BP,12/15/2016,33.07
Exxon,12/15/2016,86.67
Petróleo Brasileiro S.A. - Petrobras,12/15/2016,81.00
Shell,12/15/2016,49.55
BP,12/16/2016,33.75
Exxon,12/16/2016,86.95
Petróleo Brasileiro S.A. - Petrobras,12/16/2016,81.00
Shell,12/16/2016,50.03
BP,12/19/2016,33.72
Exxon,12/19/2016,86.22
Petróleo Brasileiro S.A. - Petrobras,12/19/2016,81.00
Shell,12/19/2016,49.91
BP,12/20/2016,33.69
Exxon,12/20/2016,86.23
Petróleo Brasileiro S.A. - Petrobras,12/20/2016,81.00
Shell,12/20/2016,49.98
BP,12/21/2016,33.93
Exxon,12/21/2016,86.09
Petróleo Brasileiro S.A. - Petrobras,12/21/2016,81.00
Shell,12/21/2016,49.94
BP,12/22/2016,34.05
Exxon,12/22/2016,86.65
Petróleo Brasileiro S.A. - Petrobras,12/22/2016,81.00
Shell,12/22/2016,50.01
BP,12/23/2016,34.15
Exxon,12/23/2016,86.50
Petróleo Brasileiro S.A. - Petrobras,12/23/2016,81.00
Shell,12/23/2016,49.94
Petróleo Brasileiro S.A. - Petrobras,12/26/2016,81.00
BP,12/27/2016,34.23
Exxon,12/27/2016,86.54
Petróleo Brasileiro S.A. - Petrobras,12/27/2016,81.00
Shell,12/27/2016,50.13
BP,12/28/2016,34.36
Exxon,12/28/2016,86.11
Petróleo Brasileiro S.A. - Petrobras,12/28/2016,81.00
Shell,12/28/2016,50.04
BP,12/29/2016,34.50
Exxon,12/29/2016,86.16
Petróleo Brasileiro S.A. - Petrobras,12/29/2016,81.00
Shell,12/29/2016,50.35
BP,12/30/2016,34.48
Exxon,12/30/2016,86.07
Petróleo Brasileiro S.A. - Petrobras,12/30/2016,81.00
Shell,12/30/2016,50.18
Petróleo Brasileiro S.A. - Petrobras,1/2/2017,81.00
BP,1/3/2017,35.05
Exxon,1/3/2017,86.67
Petróleo Brasileiro S.A. - Petrobras,1/3/2017,81.00
Shell,1/3/2017,50.96
BP,1/4/2017,35.32
Exxon,1/4/2017,85.72
Petróleo Brasileiro S.A. - Petrobras,1/4/2017,81.00
Shell,1/4/2017,51.48
BP,1/5/2017,35.58
Exxon,1/5/2017,84.44
Petróleo Brasileiro S.A. - Petrobras,1/5/2017,81.00
Shell,1/5/2017,51.93
BP,1/6/2017,34.97
Exxon,1/6/2017,84.39
Petróleo Brasileiro S.A. - Petrobras,1/6/2017,81.00
Shell,1/6/2017,51.49
BP,1/9/2017,34.42
Exxon,1/9/2017,83.00
Petróleo Brasileiro S.A. - Petrobras,1/9/2017,81.00
Shell,1/9/2017,50.39
BP,1/10/2017,34.23
Exxon,1/10/2017,81.94
Petróleo Brasileiro S.A. - Petrobras,1/10/2017,81.00
Shell,1/10/2017,50.18
BP,1/11/2017,34.64
Exxon,1/11/2017,82.78
Petróleo Brasileiro S.A. - Petrobras,1/11/2017,81.00
Shell,1/11/2017,51.19
BP,1/12/2017,34.83
Exxon,1/12/2017,82.33
Petróleo Brasileiro S.A. - Petrobras,1/12/2017,81.00
Shell,1/12/2017,51.41
BP,1/13/2017,34.74
Exxon,1/13/2017,82.34
Petróleo Brasileiro S.A. - Petrobras,1/13/2017,81.00
Shell,1/13/2017,51.20
Petróleo Brasileiro S.A. - Petrobras,1/16/2017,81.00
BP,1/17/2017,34.54
Exxon,1/17/2017,83.30
Petróleo Brasileiro S.A. - Petrobras,1/17/2017,81.00
Shell,1/17/2017,51.26
BP,1/18/2017,34.22
Exxon,1/18/2017,82.27
Petróleo Brasileiro S.A. - Petrobras,1/18/2017,81.00
Shell,1/18/2017,50.61
BP,1/19/2017,34.04
Exxon,1/19/2017,80.80
Petróleo Brasileiro S.A. - Petrobras,1/19/2017,81.00
Shell,1/19/2017,50.31
BP,1/20/2017,33.98
Exxon,1/20/2017,81.90
Petróleo Brasileiro S.A. - Petrobras,1/20/2017,81.00
Shell,1/20/2017,50.64
BP,1/23/2017,33.78
Exxon,1/23/2017,81.03
Petróleo Brasileiro S.A. - Petrobras,1/23/2017,81.00
Shell,1/23/2017,50.54
BP,1/24/2017,34.05
Exxon,1/24/2017,81.14
Petróleo Brasileiro S.A. - Petrobras,1/24/2017,81.00
Shell,1/24/2017,51.09
BP,1/25/2017,34.16
Exxon,1/25/2017,81.38
Petróleo Brasileiro S.A. - Petrobras,1/25/2017,81.00
Shell,1/25/2017,51.36
BP,1/26/2017,33.89
Exxon,1/26/2017,81.63
Petróleo Brasileiro S.A. - Petrobras,1/26/2017,81.00
Shell,1/26/2017,50.84
BP,1/27/2017,33.74
Exxon,1/27/2017,81.54
Petróleo Brasileiro S.A. - Petrobras,1/27/2017,81.00
Shell,1/27/2017,50.71
BP,1/30/2017,33.17
Exxon,1/30/2017,80.92
Petróleo Brasileiro S.A. - Petrobras,1/30/2017,81.00
Shell,1/30/2017,49.57
BP,1/31/2017,33.19
Exxon,1/31/2017,80.00
Petróleo Brasileiro S.A. - Petrobras,1/31/2017,81.00
Shell,1/31/2017,50.19
BP,2/1/2017,33.20
Exxon,2/1/2017,79.09
Petróleo Brasileiro S.A. - Petrobras,2/1/2017,81.00
Shell,2/1/2017,50.08
BP,2/2/2017,33.01
Exxon,2/2/2017,79.58
Petróleo Brasileiro S.A. - Petrobras,2/2/2017,81.00
Shell,2/2/2017,50.36
BP,2/3/2017,33.13
Exxon,2/3/2017,79.66
Petróleo Brasileiro S.A. - Petrobras,2/3/2017,81.00
Shell,2/3/2017,50.73
BP,2/6/2017,33.04
Exxon,2/6/2017,79.44
Petróleo Brasileiro S.A. - Petrobras,2/6/2017,81.00
Shell,2/6/2017,50.10
BP,2/7/2017,31.71
Exxon,2/7/2017,78.93
Petróleo Brasileiro S.A. - Petrobras,2/7/2017,81.00
Shell,2/7/2017,49.53
BP,2/8/2017,31.76
Exxon,2/8/2017,78.41
Petróleo Brasileiro S.A. - Petrobras,2/8/2017,81.00
Shell,2/8/2017,49.08
BP,2/9/2017,31.77
Exxon,2/9/2017,78.75
Petróleo Brasileiro S.A. - Petrobras,2/9/2017,81.00
Shell,2/9/2017,49.57
BP,2/10/2017,31.85
Exxon,2/10/2017,79.41
Petróleo Brasileiro S.A. - Petrobras,2/10/2017,81.00
Shell,2/10/2017,50.01
BP,2/13/2017,31.97
Exxon,2/13/2017,79.87
Petróleo Brasileiro S.A. - Petrobras,2/13/2017,81.00
Shell,2/13/2017,50.24
BP,2/14/2017,31.90
Exxon,2/14/2017,79.70
Petróleo Brasileiro S.A. - Petrobras,2/14/2017,81.00
Shell,2/14/2017,50.25
BP,2/15/2017,31.73
Exxon,2/15/2017,80.02
Petróleo Brasileiro S.A. - Petrobras,2/15/2017,81.00
Shell,2/15/2017,50.12
BP,2/16/2017,31.62
Exxon,2/16/2017,79.20
Petróleo Brasileiro S.A. - Petrobras,2/16/2017,81.00
Shell,2/16/2017,49.73
BP,2/17/2017,31.37
Exxon,2/17/2017,78.68
Petróleo Brasileiro S.A. - Petrobras,2/17/2017,81.00
Shell,2/17/2017,49.02
Petróleo Brasileiro S.A. - Petrobras,2/20/2017,81.00
BP,2/21/2017,31.76
Exxon,2/21/2017,78.80
Petróleo Brasileiro S.A. - Petrobras,2/21/2017,81.00
Shell,2/21/2017,49.29
BP,2/22/2017,31.36
Exxon,2/22/2017,77.88
Petróleo Brasileiro S.A. - Petrobras,2/22/2017,81.00
Shell,2/22/2017,48.81
BP,2/23/2017,31.78
Exxon,2/23/2017,78.70
Petróleo Brasileiro S.A. - Petrobras,2/23/2017,81.00
Shell,2/23/2017,49.28
BP,2/24/2017,31.45
Exxon,2/24/2017,78.02
Petróleo Brasileiro S.A. - Petrobras,2/24/2017,81.00
Shell,2/24/2017,48.57
BP,2/27/2017,31.90
Exxon,2/27/2017,78.47
Shell,2/27/2017,48.72
BP,2/28/2017,31.84
Exxon,2/28/2017,78.25
Shell,2/28/2017,48.73
BP,3/1/2017,32.13
Exxon,3/1/2017,79.89
Petróleo Brasileiro S.A. - Petrobras,3/1/2017,81.00
Shell,3/1/2017,49.16
BP,3/2/2017,32.03
Exxon,3/2/2017,80.16
Petróleo Brasileiro S.A. - Petrobras,3/2/2017,81.00
Shell,3/2/2017,49.05
BP,3/3/2017,32.00
Exxon,3/3/2017,79.35
Petróleo Brasileiro S.A. - Petrobras,3/3/2017,81.00
Shell,3/3/2017,49.26
BP,3/6/2017,31.89
Exxon,3/6/2017,79.71
Petróleo Brasileiro S.A. - Petrobras,3/6/2017,81.00
Shell,3/6/2017,49.48
BP,3/7/2017,31.79
Exxon,3/7/2017,79.41
Petróleo Brasileiro S.A. - Petrobras,3/7/2017,81.00
Shell,3/7/2017,49.25
BP,3/8/2017,31.27
Exxon,3/8/2017,77.98
Petróleo Brasileiro S.A. - Petrobras,3/8/2017,81.00
Shell,3/8/2017,47.94
BP,3/9/2017,31.45
Exxon,3/9/2017,78.59
Petróleo Brasileiro S.A. - Petrobras,3/9/2017,81.00
Shell,3/9/2017,48.21
BP,3/10/2017,32.23
Exxon,3/10/2017,78.53
Petróleo Brasileiro S.A. - Petrobras,3/10/2017,81.00
Shell,3/10/2017,48.59
BP,3/13/2017,31.98
Exxon,3/13/2017,78.35
Petróleo Brasileiro S.A. - Petrobras,3/13/2017,81.00
Shell,3/13/2017,48.82
BP,3/14/2017,31.38
Exxon,3/14/2017,77.94
Petróleo Brasileiro S.A. - Petrobras,3/14/2017,81.00
Shell,3/14/2017,47.85
BP,3/15/2017,31.71
Exxon,3/15/2017,78.91
Petróleo Brasileiro S.A. - Petrobras,3/15/2017,81.00
Shell,3/15/2017,48.91
BP,3/16/2017,31.93
Exxon,3/16/2017,78.98
Petróleo Brasileiro S.A. - Petrobras,3/16/2017,81.00
Shell,3/16/2017,49.23
BP,3/17/2017,32.18
Exxon,3/17/2017,78.91
Petróleo Brasileiro S.A. - Petrobras,3/17/2017,81.00
Shell,3/17/2017,49.49
BP,3/20/2017,32.09
Exxon,3/20/2017,78.91
Petróleo Brasileiro S.A. - Petrobras,3/20/2017,81.00
Shell,3/20/2017,49.22
BP,3/21/2017,32.14
Exxon,3/21/2017,78.74
Petróleo Brasileiro S.A. - Petrobras,3/21/2017,81.00
Shell,3/21/2017,49.52
BP,3/22/2017,31.91
Exxon,3/22/2017,78.68
Petróleo Brasileiro S.A. - Petrobras,3/22/2017,81.00
Shell,3/22/2017,49.35
BP,3/23/2017,31.97
Exxon,3/23/2017,78.77
Petróleo Brasileiro S.A. - Petrobras,3/23/2017,81.00
Shell,3/23/2017,49.26
BP,3/24/2017,31.71
Exxon,3/24/2017,78.17
Shell,3/24/2017,48.89
BP,3/27/2017,31.68
Exxon,3/27/2017,78.19
Petróleo Brasileiro S.A. - Petrobras,3/27/2017,81.00
Shell,3/27/2017,49.08
BP,3/28/2017,31.84
Exxon,3/28/2017,78.75
Petróleo Brasileiro S.A. - Petrobras,3/28/2017,81.00
Shell,3/28/2017,49.63
BP,3/29/2017,32.32
Exxon,3/29/2017,78.93
Petróleo Brasileiro S.A. - Petrobras,3/29/2017,81.00
Shell,3/29/2017,49.99
BP,3/30/2017,32.40
Exxon,3/30/2017,80.54
Petróleo Brasileiro S.A. - Petrobras,3/30/2017,81.00
Shell,3/30/2017,49.77
BP,3/31/2017,32.40
Exxon,3/31/2017,78.92
Petróleo Brasileiro S.A. - Petrobras,3/31/2017,81.00
Shell,3/31/2017,49.52
BP,4/3/2017,32.29
Exxon,4/3/2017,78.98
Petróleo Brasileiro S.A. - Petrobras,4/3/2017,81.00
Shell,4/3/2017,49.17
BP,4/4/2017,32.66
Exxon,4/4/2017,79.26
Petróleo Brasileiro S.A. - Petrobras,4/4/2017,81.00
Shell,4/4/2017,49.63
BP,4/5/2017,32.47
Exxon,4/5/2017,79.42
Petróleo Brasileiro S.A. - Petrobras,4/5/2017,81.00
Shell,4/5/2017,49.44
BP,4/6/2017,32.60
Exxon,4/6/2017,79.88
Petróleo Brasileiro S.A. - Petrobras,4/6/2017,81.00
Shell,4/6/2017,49.86
BP,4/7/2017,32.71
Exxon,4/7/2017,79.64
Petróleo Brasileiro S.A. - Petrobras,4/7/2017,81.00
Shell,4/7/2017,50.02
BP,4/10/2017,32.94
Exxon,4/10/2017,80.00
Petróleo Brasileiro S.A. - Petrobras,4/10/2017,81.00
Shell,4/10/2017,50.16
BP,4/11/2017,33.20
Exxon,4/11/2017,79.72
Petróleo Brasileiro S.A. - Petrobras,4/11/2017,81.00
Shell,4/11/2017,50.44
BP,4/12/2017,33.28
Exxon,4/12/2017,79.84
Petróleo Brasileiro S.A. - Petrobras,4/12/2017,81.00
Shell,4/12/2017,50.18
BP,4/13/2017,32.85
Exxon,4/13/2017,78.61
Shell,4/13/2017,49.22
BP,4/17/2017,32.88
Exxon,4/17/2017,78.50
Petróleo Brasileiro S.A. - Petrobras,4/17/2017,81.00
Shell,4/17/2017,49.71
BP,4/18/2017,32.55
Exxon,4/18/2017,77.99
Petróleo Brasileiro S.A. - Petrobras,4/18/2017,81.00
Shell,4/18/2017,49.26
BP,4/19/2017,32.05
Exxon,4/19/2017,77.46
Petróleo Brasileiro S.A. - Petrobras,4/19/2017,81.00
Shell,4/19/2017,48.09
BP,4/20/2017,32.06
Exxon,4/20/2017,77.96
Petróleo Brasileiro S.A. - Petrobras,4/20/2017,81.00
Shell,4/20/2017,48.18
BP,4/21/2017,31.92
Exxon,4/21/2017,77.65
Petróleo Brasileiro S.A. - Petrobras,4/21/2017,81.00
Shell,4/21/2017,48.28
BP,4/24/2017,32.34
Exxon,4/24/2017,78.05
Petróleo Brasileiro S.A. - Petrobras,4/24/2017,81.00
Shell,4/24/2017,49.08
BP,4/25/2017,32.54
Exxon,4/25/2017,78.65
Petróleo Brasileiro S.A. - Petrobras,4/25/2017,81.00
Shell,4/25/2017,49.54
BP,4/26/2017,32.54
Exxon,4/26/2017,78.33
Petróleo Brasileiro S.A. - Petrobras,4/26/2017,81.00
Shell,4/26/2017,49.21
BP,4/27/2017,32.29
Exxon,4/27/2017,78.20
Petróleo Brasileiro S.A. - Petrobras,4/27/2017,81.00
Shell,4/27/2017,48.95
BP,4/28/2017,32.22
Exxon,4/28/2017,78.57
Petróleo Brasileiro S.A. - Petrobras,4/28/2017,81.00
Shell,4/28/2017,49.01
BP,5/1/2017,32.22
Exxon,5/1/2017,78.97
Shell,5/1/2017,48.83
BP,5/2/2017,32.62
Exxon,5/2/2017,78.96
Petróleo Brasileiro S.A. - Petrobras,5/2/2017,81.00
Shell,5/2/2017,48.77
BP,5/3/2017,32.56
Exxon,5/3/2017,79.58
Petróleo Brasileiro S.A. - Petrobras,5/3/2017,81.00
Shell,5/3/2017,49.09
BP,5/4/2017,32.22
Exxon,5/4/2017,78.56
Petróleo Brasileiro S.A. - Petrobras,5/4/2017,81.00
Shell,5/4/2017,49.47
BP,5/5/2017,33.14
Exxon,5/5/2017,78.93
Petróleo Brasileiro S.A. - Petrobras,5/5/2017,81.00
Shell,5/5/2017,50.93
BP,5/8/2017,33.26
Exxon,5/8/2017,79.76
Petróleo Brasileiro S.A. - Petrobras,5/8/2017,81.00
Shell,5/8/2017,51.16
BP,5/9/2017,33.18
Exxon,5/9/2017,79.21
Petróleo Brasileiro S.A. - Petrobras,5/9/2017,81.00
Shell,5/9/2017,50.87
BP,5/10/2017,33.43
Exxon,5/10/2017,79.57
Petróleo Brasileiro S.A. - Petrobras,5/10/2017,81.00
Shell,5/10/2017,51.58
BP,5/11/2017,33.62
Exxon,5/11/2017,80.25
Petróleo Brasileiro S.A. - Petrobras,5/11/2017,81.00
Shell,5/11/2017,51.62
BP,5/12/2017,33.79
Exxon,5/12/2017,80.19
Petróleo Brasileiro S.A. - Petrobras,5/12/2017,81.00
Shell,5/12/2017,51.94
BP,5/15/2017,34.10
Exxon,5/15/2017,80.43
Petróleo Brasileiro S.A. - Petrobras,5/15/2017,81.00
Shell,5/15/2017,52.26
BP,5/16/2017,34.61
Exxon,5/16/2017,80.19
Petróleo Brasileiro S.A. - Petrobras,5/16/2017,81.00
Shell,5/16/2017,52.74
BP,5/17/2017,34.54
Exxon,5/17/2017,79.64
Petróleo Brasileiro S.A. - Petrobras,5/17/2017,81.00
Shell,5/17/2017,52.73
BP,5/18/2017,34.86
Exxon,5/18/2017,79.41
Petróleo Brasileiro S.A. - Petrobras,5/18/2017,81.00
Shell,5/18/2017,52.58
BP,5/19/2017,35.27
Exxon,5/19/2017,79.59
Petróleo Brasileiro S.A. - Petrobras,5/19/2017,81.00
Shell,5/19/2017,53.00
BP,5/22/2017,35.29
Exxon,5/22/2017,79.94
Petróleo Brasileiro S.A. - Petrobras,5/22/2017,81.00
Shell,5/22/2017,52.79
BP,5/23/2017,35.27
Exxon,5/23/2017,80.22
Petróleo Brasileiro S.A. - Petrobras,5/23/2017,81.00
Shell,5/23/2017,52.68
BP,5/24/2017,35.24
Exxon,5/24/2017,79.94
Petróleo Brasileiro S.A. - Petrobras,5/24/2017,81.00
Shell,5/24/2017,52.56
BP,5/25/2017,34.76
Exxon,5/25/2017,79.41
Shell,5/25/2017,51.91
BP,5/26/2017,34.77
Exxon,5/26/2017,79.22
Petróleo Brasileiro S.A. - Petrobras,5/26/2017,81.00
Shell,5/26/2017,51.96
Petróleo Brasileiro S.A. - Petrobras,5/29/2017,81.00
BP,5/30/2017,34.63
Exxon,5/30/2017,78.78
Petróleo Brasileiro S.A. - Petrobras,5/30/2017,81.00
Shell,5/30/2017,52.07
BP,5/31/2017,34.52
Exxon,5/31/2017,78.20
Petróleo Brasileiro S.A. - Petrobras,5/31/2017,81.00
Shell,5/31/2017,51.96
BP,6/1/2017,34.61
Exxon,6/1/2017,78.39
Petróleo Brasileiro S.A. - Petrobras,6/1/2017,81.00
Shell,6/1/2017,52.00
BP,6/2/2017,34.29
Exxon,6/2/2017,77.23
Petróleo Brasileiro S.A. - Petrobras,6/2/2017,81.00
Shell,6/2/2017,51.54
BP,6/5/2017,34.45
Exxon,6/5/2017,77.83
Petróleo Brasileiro S.A. - Petrobras,6/5/2017,81.00
Shell,6/5/2017,51.79
BP,6/6/2017,34.61
Exxon,6/6/2017,78.89
Petróleo Brasileiro S.A. - Petrobras,6/6/2017,81.00
Shell,6/6/2017,51.94
BP,6/7/2017,33.82
Exxon,6/7/2017,78.59
Petróleo Brasileiro S.A. - Petrobras,6/7/2017,81.00
Shell,6/7/2017,51.30
BP,6/8/2017,33.81
Exxon,6/8/2017,78.31
Petróleo Brasileiro S.A. - Petrobras,6/8/2017,81.00
Shell,6/8/2017,51.05
BP,6/9/2017,34.21
Exxon,6/9/2017,79.78
Petróleo Brasileiro S.A. - Petrobras,6/9/2017,81.00
Shell,6/9/2017,51.45
BP,6/12/2017,34.20
Exxon,6/12/2017,80.56
Petróleo Brasileiro S.A. - Petrobras,6/12/2017,81.00
Shell,6/12/2017,51.66
BP,6/13/2017,34.41
Exxon,6/13/2017,80.59
Petróleo Brasileiro S.A. - Petrobras,6/13/2017,81.00
Shell,6/13/2017,52.05
BP,6/14/2017,33.78
Exxon,6/14/2017,79.72
Petróleo Brasileiro S.A. - Petrobras,6/14/2017,81.00
Shell,6/14/2017,51.37
BP,6/15/2017,33.65
Exxon,6/15/2017,79.91
Petróleo Brasileiro S.A. - Petrobras,6/15/2017,81.00
Shell,6/15/2017,50.71
BP,6/16/2017,34.38
Exxon,6/16/2017,81.10
Petróleo Brasileiro S.A. - Petrobras,6/16/2017,81.00
Shell,6/16/2017,52.00
BP,6/19/2017,34.42
Exxon,6/19/2017,80.39
Petróleo Brasileiro S.A. - Petrobras,6/19/2017,81.00
Shell,6/19/2017,51.70
BP,6/20/2017,33.40
Exxon,6/20/2017,79.95
Shell,6/20/2017,50.55
BP,6/21/2017,33.09
Exxon,6/21/2017,79.11
Petróleo Brasileiro S.A. - Petrobras,6/21/2017,81.00
Shell,6/21/2017,49.88
BP,6/22/2017,33.04
Exxon,6/22/2017,78.76
Petróleo Brasileiro S.A. - Petrobras,6/22/2017,81.00
Shell,6/22/2017,49.89
BP,6/23/2017,33.27
Exxon,6/23/2017,79.27
Petróleo Brasileiro S.A. - Petrobras,6/23/2017,81.00
Shell,6/23/2017,50.25
BP,6/26/2017,33.31
Exxon,6/26/2017,78.92
Petróleo Brasileiro S.A. - Petrobras,6/26/2017,81.00
Shell,6/26/2017,50.10
BP,6/27/2017,33.57
Exxon,6/27/2017,78.79
Petróleo Brasileiro S.A. - Petrobras,6/27/2017,81.00
Shell,6/27/2017,50.88
BP,6/28/2017,33.68
Exxon,6/28/2017,79.20
Petróleo Brasileiro S.A. - Petrobras,6/28/2017,81.00
Shell,6/28/2017,51.24
BP,6/29/2017,33.29
Exxon,6/29/2017,78.39
Petróleo Brasileiro S.A. - Petrobras,6/29/2017,81.00
Shell,6/29/2017,50.80
BP,6/30/2017,33.09
Exxon,6/30/2017,78.42
Petróleo Brasileiro S.A. - Petrobras,6/30/2017,81.00
Shell,6/30/2017,50.80
BP,7/3/2017,33.44
Exxon,7/3/2017,79.75
Petróleo Brasileiro S.A. - Petrobras,7/3/2017,81.00
Shell,7/3/2017,51.26
Petróleo Brasileiro S.A. - Petrobras,7/4/2017,81.00
BP,7/5/2017,32.87
Exxon,7/5/2017,78.54
Petróleo Brasileiro S.A. - Petrobras,7/5/2017,81.00
Shell,7/5/2017,50.53
BP,7/6/2017,32.89
Exxon,7/6/2017,77.83
Petróleo Brasileiro S.A. - Petrobras,7/6/2017,81.00
Shell,7/6/2017,50.71
BP,7/7/2017,32.81
Exxon,7/7/2017,77.92
Petróleo Brasileiro S.A. - Petrobras,7/7/2017,81.00
Shell,7/7/2017,50.56
BP,7/10/2017,32.78
Exxon,7/10/2017,77.87
Petróleo Brasileiro S.A. - Petrobras,7/10/2017,81.00
Shell,7/10/2017,50.43
BP,7/11/2017,32.81
Exxon,7/11/2017,78.29
Petróleo Brasileiro S.A. - Petrobras,7/11/2017,81.00
Shell,7/11/2017,50.65
BP,7/12/2017,33.30
Exxon,7/12/2017,78.64
Petróleo Brasileiro S.A. - Petrobras,7/12/2017,81.00
Shell,7/12/2017,51.08
BP,7/13/2017,33.15
Exxon,7/13/2017,78.65
Petróleo Brasileiro S.A. - Petrobras,7/13/2017,81.00
Shell,7/13/2017,51.08
BP,7/14/2017,33.37
Exxon,7/14/2017,78.95
Petróleo Brasileiro S.A. - Petrobras,7/14/2017,81.00
Shell,7/14/2017,51.33
BP,7/17/2017,33.35
Exxon,7/17/2017,78.55
Petróleo Brasileiro S.A. - Petrobras,7/17/2017,81.00
Shell,7/17/2017,51.22
BP,7/18/2017,33.26
Exxon,7/18/2017,78.29
Petróleo Brasileiro S.A. - Petrobras,7/18/2017,81.00
Shell,7/18/2017,51.55
BP,7/19/2017,33.45
Exxon,7/19/2017,78.54
Petróleo Brasileiro S.A. - Petrobras,7/19/2017,81.00
Shell,7/19/2017,51.62
BP,7/20/2017,33.52
Exxon,7/20/2017,78.55
Petróleo Brasileiro S.A. - Petrobras,7/20/2017,81.00
Shell,7/20/2017,51.90
BP,7/21/2017,33.12
Exxon,7/21/2017,77.83
Petróleo Brasileiro S.A. - Petrobras,7/21/2017,81.00
Shell,7/21/2017,51.63
BP,7/24/2017,32.91
Exxon,7/24/2017,77.58
Petróleo Brasileiro S.A. - Petrobras,7/24/2017,81.00
Shell,7/24/2017,51.49
BP,7/25/2017,33.33
Exxon,7/25/2017,77.97
Petróleo Brasileiro S.A. - Petrobras,7/25/2017,81.00
Shell,7/25/2017,51.93
BP,7/26/2017,33.27
Exxon,7/26/2017,78.07
Petróleo Brasileiro S.A. - Petrobras,7/26/2017,81.00
Shell,7/26/2017,52.07
BP,7/27/2017,33.41
Exxon,7/27/2017,78.52
Petróleo Brasileiro S.A. - Petrobras,7/27/2017,81.00
Shell,7/27/2017,52.80
BP,7/28/2017,33.57
Exxon,7/28/2017,77.32
Petróleo Brasileiro S.A. - Petrobras,7/28/2017,81.00
Shell,7/28/2017,53.23
BP,7/31/2017,33.56
Exxon,7/31/2017,77.75
Petróleo Brasileiro S.A. - Petrobras,7/31/2017,81.00
Shell,7/31/2017,53.99
BP,8/1/2017,34.63
Exxon,8/1/2017,77.88
Petróleo Brasileiro S.A. - Petrobras,8/1/2017,81.00
Shell,8/1/2017,54.25
BP,8/2/2017,34.76
Exxon,8/2/2017,78.29
Petróleo Brasileiro S.A. - Petrobras,8/2/2017,81.00
Shell,8/2/2017,54.80
BP,8/3/2017,34.51
Exxon,8/3/2017,78.19
Petróleo Brasileiro S.A. - Petrobras,8/3/2017,81.00
Shell,8/3/2017,54.48
BP,8/4/2017,34.69
Exxon,8/4/2017,77.91
Petróleo Brasileiro S.A. - Petrobras,8/4/2017,81.00
Shell,8/4/2017,54.76
BP,8/7/2017,35.09
Exxon,8/7/2017,77.87
Petróleo Brasileiro S.A. - Petrobras,8/7/2017,81.00
Shell,8/7/2017,54.80
BP,8/8/2017,34.89
Exxon,8/8/2017,77.67
Petróleo Brasileiro S.A. - Petrobras,8/8/2017,81.00
Shell,8/8/2017,54.68
BP,8/9/2017,35.11
Exxon,8/9/2017,77.91
Petróleo Brasileiro S.A. - Petrobras,8/9/2017,81.00
Shell,8/9/2017,55.12
BP,8/10/2017,34.44
Exxon,8/10/2017,77.45
Petróleo Brasileiro S.A. - Petrobras,8/10/2017,81.00
Shell,8/10/2017,54.38
BP,8/11/2017,33.92
Exxon,8/11/2017,76.71
Petróleo Brasileiro S.A. - Petrobras,8/11/2017,81.00
Shell,8/11/2017,54.03
BP,8/14/2017,33.67
Exxon,8/14/2017,76.73
Petróleo Brasileiro S.A. - Petrobras,8/14/2017,81.00
Shell,8/14/2017,53.60
BP,8/15/2017,33.56
Exxon,8/15/2017,76.54
Petróleo Brasileiro S.A. - Petrobras,8/15/2017,81.00
Shell,8/15/2017,53.46
BP,8/16/2017,33.29
Exxon,8/16/2017,75.98
Petróleo Brasileiro S.A. - Petrobras,8/16/2017,81.00
Shell,8/16/2017,53.16
BP,8/17/2017,33.11
Exxon,8/17/2017,74.80
Petróleo Brasileiro S.A. - Petrobras,8/17/2017,81.00
Shell,8/17/2017,52.92
BP,8/18/2017,33.16
Exxon,8/18/2017,75.17
Petróleo Brasileiro S.A. - Petrobras,8/18/2017,81.00
Shell,8/18/2017,53.06
BP,8/21/2017,33.01
Exxon,8/21/2017,74.91
Shell,8/21/2017,52.74
BP,8/22/2017,33.15
Exxon,8/22/2017,75.27
Petróleo Brasileiro S.A. - Petrobras,8/22/2017,81.00
Shell,8/22/2017,53.13
BP,8/23/2017,33.24
Exxon,8/23/2017,75.14
Petróleo Brasileiro S.A. - Petrobras,8/23/2017,81.00
Shell,8/23/2017,53.60
BP,8/24/2017,33.18
Exxon,8/24/2017,74.86
Petróleo Brasileiro S.A. - Petrobras,8/24/2017,81.00
Shell,8/24/2017,53.50
BP,8/25/2017,33.53
Exxon,8/25/2017,75.25
Petróleo Brasileiro S.A. - Petrobras,8/25/2017,81.00
Shell,8/25/2017,54.06
BP,8/28/2017,33.47
Exxon,8/28/2017,75.00
Petróleo Brasileiro S.A. - Petrobras,8/28/2017,81.00
Shell,8/28/2017,53.83
BP,8/29/2017,33.37
Exxon,8/29/2017,74.98
Petróleo Brasileiro S.A. - Petrobras,8/29/2017,81.00
Shell,8/29/2017,53.83
BP,8/30/2017,33.37
Exxon,8/30/2017,74.64
Petróleo Brasileiro S.A. - Petrobras,8/30/2017,81.00
Shell,8/30/2017,53.57
BP,8/31/2017,33.72
Exxon,8/31/2017,74.86
Petróleo Brasileiro S.A. - Petrobras,8/31/2017,81.00
Shell,8/31/2017,53.58
BP,9/1/2017,33.76
Exxon,9/1/2017,75.10
Petróleo Brasileiro S.A. - Petrobras,9/1/2017,81.00
Shell,9/1/2017,53.74
Petróleo Brasileiro S.A. - Petrobras,9/4/2017,81.00
BP,9/5/2017,33.93
Exxon,9/5/2017,75.70
Petróleo Brasileiro S.A. - Petrobras,9/5/2017,81.00
Shell,9/5/2017,54.08
BP,9/6/2017,34.29
Exxon,9/6/2017,77.27
Petróleo Brasileiro S.A. - Petrobras,9/6/2017,81.00
Shell,9/6/2017,54.91
BP,9/7/2017,34.47
Exxon,9/7/2017,77.51
Petróleo Brasileiro S.A. - Petrobras,9/7/2017,81.00
Shell,9/7/2017,55.29
BP,9/8/2017,34.29
Exxon,9/8/2017,77.31
Petróleo Brasileiro S.A. - Petrobras,9/8/2017,81.00
Shell,9/8/2017,54.91
BP,9/11/2017,34.52
Exxon,9/11/2017,77.73
Petróleo Brasileiro S.A. - Petrobras,9/11/2017,81.00
Shell,9/11/2017,55.20
BP,9/12/2017,34.71
Exxon,9/12/2017,77.97
Petróleo Brasileiro S.A. - Petrobras,9/12/2017,81.00
Shell,9/12/2017,55.24
BP,9/13/2017,34.94
Exxon,9/13/2017,78.24
Petróleo Brasileiro S.A. - Petrobras,9/13/2017,81.00
Shell,9/13/2017,55.77
BP,9/14/2017,35.27
Exxon,9/14/2017,78.55
Petróleo Brasileiro S.A. - Petrobras,9/14/2017,81.00
Shell,9/14/2017,56.11
BP,9/15/2017,35.51
Exxon,9/15/2017,78.53
Petróleo Brasileiro S.A. - Petrobras,9/15/2017,81.00
Shell,9/15/2017,55.95
BP,9/18/2017,35.58
Exxon,9/18/2017,78.55
Petróleo Brasileiro S.A. - Petrobras,9/18/2017,81.00
Shell,9/18/2017,55.79
BP,9/19/2017,35.87
Exxon,9/19/2017,78.68
Petróleo Brasileiro S.A. - Petrobras,9/19/2017,81.00
Shell,9/19/2017,56.45
BP,9/20/2017,36.15
Exxon,9/20/2017,79.00
Petróleo Brasileiro S.A. - Petrobras,9/20/2017,81.00
Shell,9/20/2017,57.12
BP,9/21/2017,36.60
Exxon,9/21/2017,78.36
Petróleo Brasileiro S.A. - Petrobras,9/21/2017,81.00
Shell,9/21/2017,57.30
BP,9/22/2017,36.72
Exxon,9/22/2017,78.39
Petróleo Brasileiro S.A. - Petrobras,9/22/2017,81.00
Shell,9/22/2017,57.75
BP,9/25/2017,37.13
Exxon,9/25/2017,79.43
Petróleo Brasileiro S.A. - Petrobras,9/25/2017,81.00
Shell,9/25/2017,58.13
BP,9/26/2017,36.77
Exxon,9/26/2017,79.34
Petróleo Brasileiro S.A. - Petrobras,9/26/2017,81.00
Shell,9/26/2017,58.38
BP,9/27/2017,36.91
Exxon,9/27/2017,79.87
Petróleo Brasileiro S.A. - Petrobras,9/27/2017,81.00
Shell,9/27/2017,58.26
BP,9/28/2017,37.30
Exxon,9/28/2017,80.61
Petróleo Brasileiro S.A. - Petrobras,9/28/2017,81.00
Shell,9/28/2017,58.62
BP,9/29/2017,37.31
Exxon,9/29/2017,80.41
Petróleo Brasileiro S.A. - Petrobras,9/29/2017,81.00
Shell,9/29/2017,58.82
BP,10/2/2017,37.27
Petróleo Brasileiro S.A. - Petrobras,10/2/2017,81.00
Shell,10/2/2017,58.79
BP,10/3/2017,37.57
Petróleo Brasileiro S.A. - Petrobras,10/3/2017,86.00
Shell,10/3/2017,59.13
BP,10/4/2017,37.52
Petróleo Brasileiro S.A. - Petrobras,10/4/2017,86.00
Shell,10/4/2017,59.13
BP,10/5/2017,37.48
Petróleo Brasileiro S.A. - Petrobras,10/5/2017,86.00
Shell,10/5/2017,59.26
BP,10/6/2017,37.15
Petróleo Brasileiro S.A. - Petrobras,10/6/2017,86.00
Shell,10/6/2017,58.41
BP,10/9/2017,37.34
Shell,10/9/2017,58.70
BP,10/10/2017,37.68
Petróleo Brasileiro S.A. - Petrobras,10/10/2017,86.00
Shell,10/10/2017,59.27
BP,10/11/2017,37.72
Petróleo Brasileiro S.A. - Petrobras,10/11/2017,86.00
Shell,10/11/2017,59.45
BP,10/12/2017,37.87
Petróleo Brasileiro S.A. - Petrobras,10/12/2017,86.00
Shell,10/12/2017,58.97
BP,10/13/2017,37.96
Petróleo Brasileiro S.A. - Petrobras,10/13/2017,86.00
Shell,10/13/2017,59.15
BP,10/16/2017,38.05
Shell,10/16/2017,59.10
BP,10/17/2017,37.56
Petróleo Brasileiro S.A. - Petrobras,10/17/2017,86.00
Shell,10/17/2017,58.94
BP,10/18/2017,37.59
Petróleo Brasileiro S.A. - Petrobras,10/18/2017,86.00
Shell,10/18/2017,58.77
BP,10/19/2017,37.62
Petróleo Brasileiro S.A. - Petrobras,10/19/2017,86.00
Shell,10/19/2017,59.26
BP,10/20/2017,37.62
Petróleo Brasileiro S.A. - Petrobras,10/20/2017,86.00
Shell,10/20/2017,59.30
BP,10/23/2017,37.66
Petróleo Brasileiro S.A. - Petrobras,10/23/2017,86.00
Shell,10/23/2017,59.24
BP,10/24/2017,37.86
Petróleo Brasileiro S.A. - Petrobras,10/24/2017,86.00
Shell,10/24/2017,59.61
BP,10/25/2017,37.66
Petróleo Brasileiro S.A. - Petrobras,10/25/2017,86.00
Shell,10/25/2017,59.28
BP,10/26/2017,37.52
Petróleo Brasileiro S.A. - Petrobras,10/26/2017,86.00
Shell,10/26/2017,59.13
BP,10/27/2017,37.96
Petróleo Brasileiro S.A. - Petrobras,10/27/2017,86.00
Shell,10/27/2017,59.49
BP,10/30/2017,38.47
Petróleo Brasileiro S.A. - Petrobras,10/30/2017,86.00
Shell,10/30/2017,60.39
BP,10/31/2017,39.48
Petróleo Brasileiro S.A. - Petrobras,10/31/2017,86.00
Shell,10/31/2017,61.20
BP,11/1/2017,39.57
Petróleo Brasileiro S.A. - Petrobras,11/1/2017,86.00
Shell,11/1/2017,61.21
BP,11/2/2017,39.48
Petróleo Brasileiro S.A. - Petrobras,11/2/2017,86.00
Shell,11/2/2017,62.36
BP,11/3/2017,39.38
Petróleo Brasileiro S.A. - Petrobras,11/3/2017,86.00
Shell,11/3/2017,62.24
BP,11/6/2017,40.20
Shell,11/6/2017,63.62
BP,11/7/2017,40.27
Petróleo Brasileiro S.A. - Petrobras,11/7/2017,86.00
Shell,11/7/2017,62.67
BP,11/8/2017,40.19
Petróleo Brasileiro S.A. - Petrobras,11/8/2017,86.00
Shell,11/8/2017,62.48
BP,11/9/2017,40.11
Petróleo Brasileiro S.A. - Petrobras,11/9/2017,86.00
Shell,11/9/2017,62.41
BP,11/10/2017,39.70
Petróleo Brasileiro S.A. - Petrobras,11/10/2017,86.00
Shell,11/10/2017,62.05
BP,11/13/2017,39.29
Petróleo Brasileiro S.A. - Petrobras,11/13/2017,86.00
Shell,11/13/2017,62.05
BP,11/14/2017,39.02
Petróleo Brasileiro S.A. - Petrobras,11/14/2017,86.00
Shell,11/14/2017,61.95
BP,11/15/2017,38.51
Petróleo Brasileiro S.A. - Petrobras,11/15/2017,86.00
Shell,11/15/2017,61.33
BP,11/16/2017,38.19
Petróleo Brasileiro S.A. - Petrobras,11/16/2017,86.00
Shell,11/16/2017,60.68
BP,11/17/2017,38.51
Petróleo Brasileiro S.A. - Petrobras,11/17/2017,86.00
Shell,11/17/2017,61.01
BP,11/20/2017,38.42
Shell,11/20/2017,60.83
BP,11/21/2017,38.55
Petróleo Brasileiro S.A. - Petrobras,11/21/2017,86.00
Shell,11/21/2017,60.60
BP,11/22/2017,39.19
Petróleo Brasileiro S.A. - Petrobras,11/22/2017,86.00
Shell,11/22/2017,61.26
Petróleo Brasileiro S.A. - Petrobras,11/23/2017,86.00
BP,11/24/2017,39.45
Petróleo Brasileiro S.A. - Petrobras,11/24/2017,86.00
Shell,11/24/2017,61.54
BP,11/27/2017,38.92
Shell,11/27/2017,60.96
BP,11/28/2017,39.31
Petróleo Brasileiro S.A. - Petrobras,11/28/2017,86.00
Shell,11/28/2017,63.01
BP,11/29/2017,39.12
Petróleo Brasileiro S.A. - Petrobras,11/29/2017,86.00
Shell,11/29/2017,62.78
BP,11/30/2017,39.47
Petróleo Brasileiro S.A. - Petrobras,11/30/2017,86.00
Shell,11/30/2017,63.20
BP,12/1/2017,39.36
Petróleo Brasileiro S.A. - Petrobras,12/1/2017,86.00
Shell,12/1/2017,63.25
BP,12/4/2017,39.32
Petróleo Brasileiro S.A. - Petrobras,12/4/2017,86.00
Shell,12/4/2017,63.23
BP,12/5/2017,39.14
Petróleo Brasileiro S.A. - Petrobras,12/5/2017,86.00
Shell,12/5/2017,63.07
BP,12/6/2017,38.99
Petróleo Brasileiro S.A. - Petrobras,12/6/2017,86.00
Shell,12/6/2017,62.59
BP,12/7/2017,38.73
Petróleo Brasileiro S.A. - Petrobras,12/7/2017,86.00
Shell,12/7/2017,62.38
BP,12/8/2017,39.05
Shell,12/8/2017,62.55
BP,12/11/2017,39.34
Petróleo Brasileiro S.A. - Petrobras,12/11/2017,86.00
Shell,12/11/2017,63.02
BP,12/12/2017,40.06
Petróleo Brasileiro S.A. - Petrobras,12/12/2017,86.00
Shell,12/12/2017,63.58
BP,12/13/2017,40.05
Petróleo Brasileiro S.A. - Petrobras,12/13/2017,86.00
Shell,12/13/2017,64.04
BP,12/14/2017,40.03
Petróleo Brasileiro S.A. - Petrobras,12/14/2017,86.00
Shell,12/14/2017,63.62
BP,12/15/2017,39.68
Petróleo Brasileiro S.A. - Petrobras,12/15/2017,86.00
Shell,12/15/2017,63.77
BP,12/18/2017,40.23
Petróleo Brasileiro S.A. - Petrobras,12/18/2017,86.00
Shell,12/18/2017,63.92
BP,12/19/2017,40.04
Petróleo Brasileiro S.A. - Petrobras,12/19/2017,86.00
Shell,12/19/2017,63.97
BP,12/20/2017,40.34
Petróleo Brasileiro S.A. - Petrobras,12/20/2017,86.00
Shell,12/20/2017,64.17
BP,12/21/2017,41.06
Petróleo Brasileiro S.A. - Petrobras,12/21/2017,86.00
Shell,12/21/2017,65.23
BP,12/22/2017,40.68
Petróleo Brasileiro S.A. - Petrobras,12/22/2017,86.00
Shell,12/22/2017,64.81
BP,12/26/2017,41.07
Petróleo Brasileiro S.A. - Petrobras,12/26/2017,86.00
Shell,12/26/2017,65.59
BP,12/27/2017,41.10
Petróleo Brasileiro S.A. - Petrobras,12/27/2017,86.00
Shell,12/27/2017,65.28
BP,12/28/2017,41.25
Petróleo Brasileiro S.A. - Petrobras,12/28/2017,86.00
Shell,12/28/2017,65.55
BP,12/29/2017,41.41
Shell,12/29/2017,65.75
Petróleo Brasileiro S.A. - Petrobras,1/1/2018,86.00
BP,1/2/2018,41.75
Petróleo Brasileiro S.A. - Petrobras,1/2/2018,86.00
Shell,1/2/2018,67.06
BP,1/3/2018,42.23
Petróleo Brasileiro S.A. - Petrobras,1/3/2018,86.00
Shell,1/3/2018,67.61
BP,1/4/2018,42.40
Petróleo Brasileiro S.A. - Petrobras,1/4/2018,98.00
Shell,1/4/2018,67.90
BP,1/5/2018,42.46
Petróleo Brasileiro S.A. - Petrobras,1/5/2018,98.00
Shell,1/5/2018,68.05
BP,1/8/2018,42.44
Petróleo Brasileiro S.A. - Petrobras,1/8/2018,98.00
Shell,1/8/2018,68.07
BP,1/9/2018,42.23
Petróleo Brasileiro S.A. - Petrobras,1/9/2018,98.00
Shell,1/9/2018,67.78
BP,1/10/2018,42.26
Petróleo Brasileiro S.A. - Petrobras,1/10/2018,98.00
Shell,1/10/2018,68.05
BP,1/11/2018,42.63
Petróleo Brasileiro S.A. - Petrobras,1/11/2018,98.00
Shell,1/11/2018,68.84
BP,1/12/2018,43.26
Petróleo Brasileiro S.A. - Petrobras,1/12/2018,98.00
Shell,1/12/2018,69.86
Petróleo Brasileiro S.A. - Petrobras,1/15/2018,98.00
BP,1/16/2018,41.83
Petróleo Brasileiro S.A. - Petrobras,1/16/2018,98.00
Shell,1/16/2018,68.98
BP,1/17/2018,42.24
Petróleo Brasileiro S.A. - Petrobras,1/17/2018,98.00
Shell,1/17/2018,69.19
BP,1/18/2018,42.26
Petróleo Brasileiro S.A. - Petrobras,1/18/2018,98.00
Shell,1/18/2018,69.04
BP,1/19/2018,41.77
Petróleo Brasileiro S.A. - Petrobras,1/19/2018,98.00
Shell,1/19/2018,68.83
BP,1/22/2018,42.75
Petróleo Brasileiro S.A. - Petrobras,1/22/2018,98.00
Shell,1/22/2018,70.02
BP,1/23/2018,42.60
Petróleo Brasileiro S.A. - Petrobras,1/23/2018,98.00
Shell,1/23/2018,70.00
BP,1/24/2018,43.29
Petróleo Brasileiro S.A. - Petrobras,1/24/2018,98.00
Shell,1/24/2018,70.35
BP,1/25/2018,43.09
Petróleo Brasileiro S.A. - Petrobras,1/25/2018,98.00
Shell,1/25/2018,70.31
BP,1/26/2018,43.16
Petróleo Brasileiro S.A. - Petrobras,1/26/2018,98.00
Shell,1/26/2018,70.40
BP,1/29/2018,42.71
Petróleo Brasileiro S.A. - Petrobras,1/29/2018,98.00
Shell,1/29/2018,69.80
BP,1/30/2018,42.17
Petróleo Brasileiro S.A. - Petrobras,1/30/2018,98.00
Shell,1/30/2018,69.07
BP,1/31/2018,42.15
Petróleo Brasileiro S.A. - Petrobras,1/31/2018,98.00
Shell,1/31/2018,69.23
BP,2/1/2018,42.72
Petróleo Brasileiro S.A. - Petrobras,2/1/2018,98.00
Shell,2/1/2018,68.47
BP,2/2/2018,40.55
Petróleo Brasileiro S.A. - Petrobras,2/2/2018,98.00
Shell,2/2/2018,66.33
BP,2/5/2018,39.19
Petróleo Brasileiro S.A. - Petrobras,2/5/2018,98.00
Shell,2/5/2018,63.61
BP,2/6/2018,39.97
Petróleo Brasileiro S.A. - Petrobras,2/6/2018,98.00
Shell,2/6/2018,64.79
BP,2/7/2018,39.41
Petróleo Brasileiro S.A. - Petrobras,2/7/2018,98.00
Shell,2/7/2018,63.73
BP,2/8/2018,38.96
Petróleo Brasileiro S.A. - Petrobras,2/8/2018,98.00
Shell,2/8/2018,62.32
BP,2/9/2018,38.53
Petróleo Brasileiro S.A. - Petrobras,2/9/2018,98.00
Shell,2/9/2018,62.13
BP,2/12/2018,39.28
Shell,2/12/2018,63.31
BP,2/13/2018,39.10
Shell,2/13/2018,63.50
BP,2/14/2018,39.77
Petróleo Brasileiro S.A. - Petrobras,2/14/2018,98.00
Shell,2/14/2018,64.61
BP,2/15/2018,39.84
Petróleo Brasileiro S.A. - Petrobras,2/15/2018,98.00
Shell,2/15/2018,64.73
BP,2/16/2018,39.62
Petróleo Brasileiro S.A. - Petrobras,2/16/2018,98.00
Shell,2/16/2018,63.89
Petróleo Brasileiro S.A. - Petrobras,2/19/2018,98.00
BP,2/20/2018,39.52
Petróleo Brasileiro S.A. - Petrobras,2/20/2018,98.00
Shell,2/20/2018,63.30
BP,2/21/2018,38.84
Petróleo Brasileiro S.A. - Petrobras,2/21/2018,98.00
Shell,2/21/2018,62.39
BP,2/22/2018,39.25
Petróleo Brasileiro S.A. - Petrobras,2/22/2018,98.00
Shell,2/22/2018,63.25
BP,2/23/2018,40.10
Petróleo Brasileiro S.A. - Petrobras,2/23/2018,98.00
Shell,2/23/2018,63.93
BP,2/26/2018,40.29
Petróleo Brasileiro S.A. - Petrobras,2/26/2018,98.00
Shell,2/26/2018,64.29
BP,2/27/2018,39.50
Petróleo Brasileiro S.A. - Petrobras,2/27/2018,98.00
Shell,2/27/2018,63.93
